rank,feature,feature_group,mean_abs_shap_ratio,mean_abs_shap_usd,mean_signed_shap_ratio,mean_signed_shap_usd,secondary_mean_abs_shap_ratio,share_of_total_mean_abs
1,rolling_vol_60,historical_volatility,0.02073061546241965,4.182572961744046,-0.011875851351055615,-2.021996853493766,0.021452279117722777,0.38802795556827185
2,moneyness,contract_terms,0.01697322465760104,3.437956290999737,0.00011366391973141815,0.0211172476687566,0.017071716304572562,0.3189479689012877
3,choice_time_years,contract_terms,0.006477414686913319,1.3390973159103774,-9.782488562638224e-06,-0.002675959448352257,0.006482273584063611,0.12423147152536429
4,vix_ma_20,vix_core,0.002082065922788906,0.43623731282384853,-0.002082065922788906,-0.43623731282384853,0.0022765356224839486,0.04047084753473173
5,treasury_10y,other_market,0.0017830891764471198,0.38129003874013556,-0.00040118464846891785,-0.11443698341609294,0.0015062227203950346,0.035373248850437126
6,volume_to_ma20_ratio,other_market,0.0007603918870354433,0.16440675040632088,-0.00016528122998357836,-0.036173108935500214,0.0008411344244980607,0.015252433328786905
7,vix,vix_core,0.0006729174577043267,0.14119236113566985,-0.0006484916321391265,-0.13600284999182913,0.0007139162469003395,0.013098775259735393
8,news_article_count_ma_5,news_sentiment,0.0005129214230878024,0.1127408054319816,-0.0005129214230878024,-0.1127408054319816,0.0007237509199184539,0.010459251910491652
9,news_sentiment_ma_20,news_sentiment,0.00045493015821856947,0.1002083426863125,-0.00045493015821856947,-0.1002083426863125,0.0005650054832851766,0.009296583394743927
10,jpm_vix_corr_20,vix_interaction,0.0004491172302195992,0.09554856632941029,9.466067317730237e-05,0.02984158388528659,0.00040618385692640875,0.008864284063755046
11,rolling_vol_20,historical_volatility,0.0003227361427334648,0.06358889343781854,-0.00022103630062319095,-0.03854530731816357,0.000367607259947609,0.00589930374035526
12,log_return,other_market,0.0001643538353217278,0.035872795728302743,0.00010704554040028424,0.024784988573274578,0.000188907237614823,0.0033280107040063074
13,volume_change,other_market,0.00018324280912812474,0.03510455847709577,2.454001247626005e-05,0.00188344648183945,0.0001945728974554111,0.0032567393758779557
14,close_to_ma60_ratio,other_market,0.0001545075603603311,0.0319468089689592,-0.0001545075603603311,-0.0319468089689592,0.00021561428626625908,0.0029637869045053998
15,news_sentiment_ma_5,news_sentiment,0.00012059476247350292,0.025333077536974287,-8.083811073874561e-05,-0.01761575087736649,0.00012902945389956722,0.0023502141803225744
16,treasury_10y_momentum_20,other_market,0.00011892679353026455,0.02474684374113042,4.877648607220081e-06,0.002041966854118374,0.0001292609312171109,0.002295827776698076
17,treasury_10y_change,other_market,0.00010514620289035286,0.023452642067538335,0.00010197707812661445,0.022790828233474593,0.00010259259302654299,0.0021757613883552486
18,news_neutral_share_lag1,news_sentiment,9.435662513986005e-05,0.02068757995889444,3.903205406976375e-05,0.00840859094499149,0.00010052841793272671,0.001919239528043456
19,vix_change,vix_core,9.550759398246104e-05,0.020500622385521618,-3.1109269787961594e-05,-0.006954058935579462,0.00010118467586736796,0.0019018949973831681
20,news_article_count_lag1,news_sentiment,8.834467127575245e-05,0.018334764736341515,-8.7468966582617e-05,-0.01815185018392926,9.297139033655335e-05,0.0017009628622237556
21,close_to_ma20_ratio,other_market,8.81087829810356e-05,0.017939189017380792,6.349333010394091e-05,0.01250618646047947,9.386823774436452e-05,0.0016642642944032495
22,intraday_return,other_market,8.44041715730473e-05,0.017358663569836105,2.4980086217547846e-05,0.004640211245571788,9.3553325174734e-05,0.0016104074688017681
23,daily_return,other_market,7.569593056715183e-05,0.015935306041004436,4.1929024054264736e-05,0.009327600950132024,8.548129596679624e-05,0.0014783589625337599
24,news_sentiment_mean_lag1,news_sentiment,7.167001796854508e-05,0.015689799713116258,9.365855317618029e-07,0.0005167477407683672,7.943777838949014e-05,0.0014555827146689048
25,high_low_range,other_market,5.038880597273595e-05,0.010499242926072195,-8.918664973045673e-06,-0.0018567400509951306,4.962417255694619e-05,0.0009740415301493417
26,news_sentiment_weighted_lag1,news_sentiment,2.8330579472679342e-05,0.005878363432379522,1.3311884765375771e-05,0.0029772813664252443,2.7846653709957538e-05,0.0005453507603134312
27,news_positive_share_lag1,news_sentiment,1.4413067667391753e-05,0.003011314204851995,1.96186583139305e-06,0.0005448233246033243,1.6982345542525455e-05,0.00027936729500474425
28,news_negative_share_lag1,news_sentiment,7.270871395224456e-06,0.001559706464735171,4.13886151773078e-06,0.0009284816016762339,6.396174405229739e-06,0.00014469794462245206
29,news_available_lag1,news_sentiment,1.8986366762108068e-06,0.00035966710454748106,1.8986366762108068e-06,0.00035966710454748106,3.430329670663921e-07,3.336723412579155e-05
30,maturity_years,contract_terms,0.0,0.0,0.0,0.0,0.0,0.0
