row_position,date,spot_price,strike,moneyness,choice_time_years,actual_heston_synthetic_price,predicted_price_usd,absolute_error_usd,base_value_ratio,base_value_usd,reconstructed_price_usd,contract_terms_signed_contribution_usd,contract_terms_absolute_contribution_usd,historical_volatility_signed_contribution_usd,historical_volatility_absolute_contribution_usd,vix_core_signed_contribution_usd,vix_core_absolute_contribution_usd,vix_interaction_signed_contribution_usd,vix_interaction_absolute_contribution_usd,news_sentiment_signed_contribution_usd,news_sentiment_absolute_contribution_usd,other_market_signed_contribution_usd,other_market_absolute_contribution_usd
0,2023-12-18,166.23,149.607,0.9,0.25,27.16843430255536,27.45345315879909,0.28501885624372747,0.1645836165375544,27.358734577037666,27.45345315879909,4.021002837760718,5.83411065884857,-3.807323402999757,3.807323402999757,-0.5003661912718592,0.5003661912718592,-0.05889973071735889,0.05889973071735889,-0.10161790314125532,0.1501502723213096,0.541922972130934,0.7777982596617337
1,2023-12-18,166.23,149.607,0.9,0.5,28.35063487256971,28.63686492072968,0.2862300481599682,0.1645836165375544,27.358734577037666,28.636864920729693,5.641422789996574,5.641422789996574,-4.052571596931802,4.052571596931802,-0.542610722736757,0.542610722736757,-0.10313936441661616,0.10313936441661616,-0.1007855943493967,0.1467508368091905,0.4358148321300239,0.726974230226423
2,2023-12-18,166.23,166.23,1.0,0.25,17.302395243790453,18.103246133701244,0.8008508899107909,0.1645836165375544,27.358734577037666,18.103246133701255,-3.7741741627739147,3.7741741627739147,-5.016945931362522,5.016945931362522,-0.4580441863022432,0.47540328806095866,-0.046299494311693466,0.046299494311693466,-0.11075156241568346,0.15710797008795035,0.15072689382964455,0.38432917786657617
3,2023-12-18,166.23,166.23,1.0,0.5,19.518035606649416,20.203631723005905,0.6855961163564892,0.1645836165375544,27.358734577037666,20.203631723005905,-1.3884181548324388,3.59727990579339,-5.175285222335564,5.175285222335564,-0.4856009220764284,0.5063814840139566,-0.0619231493416395,0.0619231493416395,-0.11632605567209796,0.16129653294536495,0.07245065022640948,0.35354692684226596
4,2023-12-18,166.23,182.853,1.1,0.25,16.739587807029025,18.161510515535166,1.4219227085061412,0.1645836165375544,27.358734577037666,18.161510515535163,-3.146723689891835,3.146723689891835,-5.2327839371912725,5.2327839371912725,-0.4907583658442054,0.5041658145638762,-0.049949084572992505,0.049949084572992505,-0.11525027109695969,0.1498723102124253,-0.16175871290523747,0.48624269521537317
5,2023-12-18,166.23,182.853,1.1,0.5,19.268979838485052,19.956726997132666,0.687747158647614,0.1645836165375544,27.358734577037666,19.956726997132666,-1.1393540052346125,3.1555186758667437,-5.399163688114566,5.399163688114566,-0.5085326729685349,0.5253615818670184,-0.06382826972902664,0.06382826972902664,-0.12144004431983055,0.1566684689434903,-0.1696888995384307,0.5442288966748862
6,2024-02-01,173.73,156.357,0.9,0.25,27.47324099187152,28.824873569521316,1.351632577649795,0.1645836165375544,28.593111701069326,28.824873569521266,4.262752101016823,6.198386810199367,-4.03699954557328,4.03699954557328,-0.37105388591819416,0.3788896245896683,-0.0887184758866083,0.0887184758866083,-0.11190378566229567,0.1523288369416984,0.5776854604754947,0.6979614567254805
7,2024-02-01,173.73,156.357,0.9,0.5,28.400906952650487,30.171745895926584,1.7708389432760967,0.1645836165375544,28.593111701069326,30.17174589592656,6.019648298266598,6.019648298266598,-4.287692991694478,4.287692991694478,-0.3905874314736295,0.3905874314736295,-0.13220901941553762,0.13220901941553762,-0.114705393325433,0.15534974856698222,0.4841807324997123,0.6010145717965767
8,2024-02-01,173.73,173.73,1.0,0.25,17.512350818597174,18.824125271213607,1.311774452616433,0.1645836165375544,28.593111701069326,18.824125271213607,-3.972190074938153,3.972190074938153,-5.339088311800225,5.339088311800225,-0.40743623898101283,0.40743623898101283,-0.06154863522754881,0.06154863522754881,-0.11346337236984597,0.14824399102274075,0.12474020346106818,0.23672849378923946
9,2024-02-01,173.73,173.73,1.0,0.5,18.746953767969146,21.009035589508915,2.2620818215397698,0.1645836165375544,28.593111701069326,21.009035589508905,-1.4893864925642961,3.8001733994885316,-5.506182154984585,5.506182154984585,-0.42635893857797413,0.42635893857797413,-0.07802084639199901,0.07802084639199901,-0.11975865363842371,0.16030018691728137,0.03563097459685878,0.13919681396265074
10,2024-02-01,173.73,191.103,1.1,0.25,17.11860092325262,18.830263992041978,1.7116630687893561,0.1645836165375544,28.593111701069326,18.83026399204195,-3.344003536198752,3.344003536198752,-5.574437124901256,5.574437124901256,-0.44693861991368244,0.44693861991368244,-0.06609071619842416,0.06609071619842416,-0.1091641098375146,0.15042062522054714,-0.22221360197774637,0.345841447931858
11,2024-02-01,173.73,191.103,1.1,0.5,17.244636614735068,20.715923196775677,3.4712865820406087,0.1645836165375544,28.593111701069326,20.715923196775655,-1.2467749513226811,3.3614324606192785,-5.7454578884724645,5.7454578884724645,-0.4556375251934961,0.4556375251934961,-0.08073975013135949,0.08073975013135949,-0.11650886111941612,0.16282548115178866,-0.2320695280542498,0.35823280368382854
12,2024-03-15,190.3,171.27,0.9,0.25,30.38854604282989,31.120041554678334,0.7314955118484434,0.1645836165375544,31.320262227096606,31.12004155467833,4.582206139524654,6.6302026241367376,-4.475270508703391,4.475270508703391,-0.42003641416672144,0.42003641416672144,-0.08422409124023132,0.08422409124023132,-0.014870837298246523,0.07907575977719991,0.21197503946565965,0.9579986984956753
13,2024-03-15,190.3,171.27,0.9,0.5,32.23894290580302,32.38589031694162,0.14694741113859777,0.1645836165375544,31.320262227096606,32.385890316941655,6.408687130187815,6.408687130187815,-4.7818581880271385,4.7818581880271385,-0.44519195091245584,0.44519195091245584,-0.12877196647742253,0.12877196647742253,-0.06285979465338738,0.11618429295229943,0.07562285972763619,0.9063720375722552
14,2024-03-15,190.3,190.3,1.0,0.25,18.929388066605625,20.542814860632916,1.6134267940272906,0.1645836165375544,31.320262227096606,20.542814860632923,-4.292008352055874,4.292008352055874,-5.850751696441351,5.850751696441351,-0.4397704522575707,0.4397704522575707,-0.06054055592452983,0.06054055592452983,-0.014364919936848474,0.07224939529240462,-0.120011389847509,0.4325984561006349
15,2024-03-15,190.3,190.3,1.0,0.5,20.973509475836604,22.860392087537697,1.8868826117010933,0.1645836165375544,31.320262227096606,22.860392087537686,-1.5854484277877752,4.08632689589849,-6.057384774501134,6.057384774501134,-0.4645523829021383,0.4645523829021383,-0.07549314739403337,0.07549314739403337,-0.055893656169672526,0.10561234543756215,-0.22109775080416524,0.3929335927025442
16,2024-03-15,190.3,209.33000000000004,1.1,0.25,18.515311571203355,20.649175287097385,2.13386371589403,0.1645836165375544,31.320262227096606,20.64917528709737,-3.5654689817895293,3.5654689817895293,-6.102787704830512,6.102787704830512,-0.48383053146196764,0.48383053146196764,-0.06471197880348219,0.06471197880348219,-0.015025109633224011,0.0813779307161276,-0.43926263348051875,0.5163277677842328
17,2024-03-15,190.3,209.33000000000004,1.1,0.5,20.81867636158145,22.59721253542508,1.77853617384363,0.1645836165375544,31.320262227096606,22.597212535425058,-1.3036930294130906,3.578428337250391,-6.314032233067498,6.314032233067498,-0.49576829771505815,0.49576829771505815,-0.07766750225274006,0.07766750225274006,-0.06005177957126512,0.11342561294903372,-0.47183684965190015,0.5848415227375467
18,2024-04-29,193.28,173.952,0.9,0.25,34.147556863089626,32.44549737728146,1.7020594858081637,0.1645836165375544,31.810721404378516,32.44549737728142,4.071431342261542,6.353615524950035,-3.7174051809846946,3.7174051809846946,-0.3886003895177653,0.3886003895177653,0.036825375923231776,0.036825375923231776,-0.19735749000890618,0.20683840415650886,0.8298823152294986,0.9021212970605799
19,2024-04-29,193.28,173.952,0.9,0.5,34.76532778137927,34.25993301698037,0.5053947643989005,0.1645836165375544,31.810721404378516,34.25993301698036,6.192755670281133,6.192755670281133,-3.9468879609051983,3.9468879609051983,-0.4128289863509982,0.4128289863509982,0.07133546837746989,0.07133546837746989,-0.19214367022964263,0.21153714778002902,0.7369810914290853,0.8050500838397217
20,2024-04-29,193.28,193.28,1.0,0.25,23.3410269574389,22.79210710035344,0.5489198570854583,0.1645836165375544,31.810721404378516,22.792107100353448,-4.3622504910136835,4.3622504910136835,-4.446214876765232,4.446214876765232,-0.4163491561145685,0.4163491561145685,0.04711289396421285,0.04711289396421285,-0.20333655383422308,0.2037676529240521,0.3624238797384258,0.43406715396515394
21,2024-04-29,193.28,193.28,1.0,0.5,25.73036135301323,25.374278213393374,0.35608313961985516,0.1645836165375544,31.810721404378516,25.37427821339336,-1.530951967133597,4.176018545934714,-4.5914254394360645,4.5914254394360645,-0.4394003227206562,0.4394003227206562,0.05529973440864309,0.05529973440864309,-0.20799639839271522,0.2118804745066437,0.27803120228923395,0.3894683825073233
22,2024-04-29,193.28,212.60800000000003,1.1,0.25,21.567823350227307,23.603868111077666,2.036044760850359,0.1645836165375544,31.810721404378516,23.603868111077656,-3.2658673698989817,3.2658673698989817,-4.338562882475404,4.338562882475404,-0.4426779226892694,0.4426779226892694,0.04744635431191456,0.04744635431191456,-0.19889597382423133,0.20364465800339704,-0.008295498724884814,0.6228552329673063
23,2024-04-29,193.28,212.60800000000003,1.1,0.5,24.202565771664634,25.804717259316046,1.6021514876514118,0.1645836165375544,31.810721404378516,25.804717259316003,-0.9052076010872365,3.311255031143803,-4.4980705789777575,4.4980705789777575,-0.4635471250851563,0.4635471250851563,0.05472304170897303,0.05472304170897303,-0.2051973228288453,0.21233641099149933,0.011295441207512566,0.6661428349851947
24,2024-06-11,194.36,174.924,0.9,0.25,34.964532833486984,33.30926811933474,1.6552647141522456,0.1645836165375544,31.988471710239075,33.309268119334746,3.6342689954983234,6.058509524530035,-1.9884186769630579,1.9884186769630579,-0.5255189562183362,0.5255189562183362,0.003135240947880635,0.003135240947880635,-0.14563142156134523,0.21366924748476113,0.3429612273922036,0.7207896255999668
25,2024-06-11,194.36,174.924,0.9,0.5,36.71427204536205,35.38530589615628,1.328966149205769,0.1645836165375544,31.988471710239075,35.38530589615626,5.934467966271309,5.934467966271309,-2.004286118004969,2.004286118004969,-0.5449834104435735,0.5449834104435735,-0.032226391870895515,0.032226391870895515,-0.133115963925519,0.2386510213197331,0.1769781038908355,0.6399818659219891
26,2024-06-11,194.36,194.36,1.0,0.25,25.29208461485517,24.862267263110848,0.42981735174432245,0.1645836165375544,31.988471710239075,24.86226726311087,-4.25975245202905,4.25975245202905,-2.2489425559401717,2.2489425559401717,-0.5066368859547685,0.5066368859547685,0.030017779220320867,0.030017779220320867,-0.1377774665272608,0.1930562717626612,-0.003112865897276845,0.32026546582149573
27,2024-06-11,194.36,194.36,1.0,0.5,28.29256368135523,27.543717235258047,0.7488464460971826,0.1645836165375544,31.988471710239075,27.54371723525803,-1.378635845978427,4.075422097180354,-2.306281903436989,2.306281903436989,-0.5243350917513606,0.5243350917513606,0.025835491382975508,0.025835491382975508,-0.13340233287991365,0.21683961992463924,-0.12793479231732977,0.30510654674795096
28,2024-06-11,194.36,213.796,1.1,0.25,23.823016464488997,25.781497988797067,1.9584815243080698,0.1645836165375544,31.988471710239075,25.78149798879705,-3.1047261488570776,3.1047261488570776,-2.072143994445217,2.072143994445217,-0.5447187454465822,0.5447187454465822,0.030916492726722464,0.030916492726722464,-0.13952967284709056,0.18744980673564873,-0.3767716525727785,0.5291332213702314
29,2024-06-11,194.36,213.796,1.1,0.5,27.206341030432693,28.072184991329237,0.8658439608965445,0.1645836165375544,31.988471710239075,28.07218499132919,-0.6970052161573645,3.1534899786345347,-2.154657785001513,2.154657785001513,-0.549948893632574,0.549948893632574,0.025818966135821776,0.025818966135821776,-0.13025205499104786,0.2168529555443287,-0.41024173526320684,0.5804252562712838
30,2024-07-25,208.67,187.803,0.9,0.25,36.14636981595952,34.916112169649146,1.2302576463103705,0.1645836165375544,34.343663262891475,34.91611216964913,4.26862886897627,6.704648563764318,-3.6737202322703038,3.6737202322703038,-0.4504965987864117,0.4504965987864117,-0.08980852768773813,0.08980852768773813,-0.20084525148145904,0.21689617748300533,0.7186906480073,0.8293757183335458
31,2024-07-25,208.67,187.803,0.9,0.5,38.7590827429308,36.79607932209284,1.963003420837964,0.1645836165375544,34.343663262891475,36.79607932209286,6.5306062177517115,6.5306062177517115,-3.8550112768852016,3.8550112768852016,-0.45687203839854534,0.45687203839854534,-0.14500973606525083,0.14500973606525083,-0.18654100860546458,0.22665812875784835,0.5652439014041332,0.7040757796205406
32,2024-07-25,208.67,208.67,1.0,0.25,26.006517801784472,24.897159108326864,1.109358693457608,0.1645836165375544,34.343663262891475,24.89715910832688,-4.641234886634202,4.641234886634202,-4.337810649584061,4.337810649584061,-0.4676108076845463,0.4676108076845463,-0.06124183594069726,0.06124183594069726,-0.18595609215449488,0.20460219290036707,0.24735011743340507,0.3573524020665446
33,2024-07-25,208.67,208.67,1.0,0.5,27.67715500441868,27.635640010545707,0.04151499387297264,0.1645836165375544,34.343663262891475,27.6356400105457,-1.6105516366849264,4.441992356201059,-4.46740806533138,4.46740806533138,-0.4741427490449248,0.4741427490449248,-0.08399087477641606,0.08399087477641606,-0.18231170822593146,0.2283273712306737,0.11038178171780266,0.24492060713978453
34,2024-07-25,208.67,229.537,1.1,0.25,25.94027651581767,25.775303019623784,0.16497349619388402,0.1645836165375544,34.343663262891475,25.775303019623742,-3.4434181998822124,3.4434181998822124,-4.16416766052901,4.16416766052901,-0.5161628822153839,0.5161628822153839,-0.06318383284825771,0.06318383284825771,-0.1893549399498946,0.20635736272111027,-0.1920727278429781,0.5087576503684759
35,2024-07-25,208.67,229.537,1.1,0.5,28.81161203529249,28.130560676706573,0.6810513585859184,0.1645836165375544,34.343663262891475,28.130560676706544,-0.897604568706968,3.4830360066403294,-4.311537315895916,4.311537315895916,-0.5136176770304576,0.5136176770304576,-0.08374302310917536,0.08374302310917536,-0.18531328767215727,0.23065851798758624,-0.2212867137702561,0.5351881496635869
36,2024-09-06,212.46001,191.214009,0.9,0.25,37.02632085041381,35.8153196918121,1.2110011586017109,0.1645836165375544,34.96743681540497,35.815319691812114,3.9645341487953294,6.50704174573909,-3.174443465113699,3.174443465113699,-0.30740622979288584,0.38077927100337633,0.10821026099826918,0.10821026099826918,-0.1575809043361464,0.21311697460086676,0.4145690658562746,0.9172690187600401
37,2024-09-06,212.46001,191.214009,0.9,0.5,37.16954984467938,37.98859391922267,0.8190440745432923,0.1645836165375544,34.96743681540497,37.98859391922267,6.467858236712503,6.467858236712503,-3.37408774996673,3.37408774996673,-0.3304915085807216,0.4001096356280093,0.1762198769781047,0.1762198769781047,-0.16935818183322993,0.20808516644647013,0.2510164305077727,0.786041889824046
38,2024-09-06,212.46001,212.46001,1.0,0.25,24.88048339662928,26.61744060471575,1.7369572080864693,0.1645836165375544,34.96743681540497,26.617440604715753,-4.573099387164668,4.573099387164668,-3.3873870257686023,3.3873870257686023,-0.2750563040110134,0.42880265687421676,0.0654537769279172,0.0654537769279172,-0.14642849050124418,0.20045809063085418,-0.033478780171613265,0.40640289864228357
39,2024-09-06,212.46001,212.46001,1.0,0.5,28.93558516146549,29.069769791220587,0.13418462975509726,0.1645836165375544,34.96743681540497,29.06976979122056,-1.6651241615678531,4.4053693992322,-3.6503953834800176,3.6503953834800176,-0.3218987598297993,0.43538648102284483,0.07727565037979384,0.07727565037979384,-0.16200143121693217,0.19941740118281545,-0.17552293846960496,0.3971551883861973
40,2024-09-06,212.46001,233.706011,1.1,0.25,26.6348942040379,27.87216488739577,1.2372706833578704,0.1645836165375544,34.96743681540497,27.872164887395744,-3.1805052372406415,3.1805052372406415,-3.191204596203016,3.191204596203016,-0.2332106627402015,0.4746158956501261,0.06554979564754512,0.06554979564754512,-0.14735322882311763,0.18798523214076732,-0.40854799864979785,0.6244072277452838
41,2024-09-06,212.46001,233.706011,1.1,0.5,28.51128408008484,29.800356497500225,1.2890724174153831,0.1645836165375544,34.96743681540497,29.800356497500182,-0.8586850427700996,3.301049910057941,-3.486968989175603,3.486968989175603,-0.29138429901781576,0.4671807588428632,0.07637119763032958,0.07637119763032958,-0.16085971891068168,0.1926293477682378,-0.4455534656609201,0.6789197240684093
42,2024-10-18,225.37,202.833,0.9,0.25,40.42220126070944,38.94300834952278,1.479192911186665,0.1645836165375544,37.09220965906864,38.94300834952275,4.094595994368701,6.998744590194592,-2.1187694153608536,2.1187694153608536,-0.4281574433304116,0.4876442592806326,0.010710983841286778,0.010710983841286778,-0.2029361887518958,0.29271967283060973,0.4953547596872821,0.6759187980451496
43,2024-10-18,225.37,202.833,0.9,0.5,43.398802875571086,41.49365363261367,1.905149242957414,0.1645836165375544,37.09220965906864,41.49365363261365,6.810513245370635,6.810513245370635,-2.132103642196439,2.132103642196439,-0.4395077108300221,0.5095912474544086,-0.02922947259203669,0.02922947259203669,-0.1810683420886906,0.31402263537764663,0.37283989588156663,0.5631687011896398
44,2024-10-18,225.37,225.37,1.0,0.25,31.629444328537407,29.306225498815586,2.323218829721821,0.1645836165375544,37.09220965906864,29.30622549881559,-4.996467924482472,4.996467924482472,-2.2145911690867344,2.2145911690867344,-0.4698867958180928,0.4840465853983573,0.039731214115799496,0.039731214115799496,-0.21027286734551892,0.26474269215138163,0.06550338236396969,0.27263908330844955
45,2024-10-18,225.37,225.37,1.0,0.5,34.3227367591832,32.757764495304286,1.5649722638789143,0.1645836165375544,37.09220965906864,32.75776449530426,-1.4720729134877295,4.757084056590245,-2.201329578405645,2.201329578405645,-0.482747746880883,0.5061933400234703,0.03594474501765331,0.03594474501765331,-0.20234984261987793,0.27872627703243463,-0.011889827387896602,0.20710373309749752
46,2024-10-18,225.37,247.90700000000004,1.1,0.25,30.796076205372508,30.41481440571952,0.3812617996529859,0.1645836165375544,37.09220965906864,30.414814405719504,-3.6351877401925963,3.6351877401925963,-2.0173799547979536,2.0173799547979536,-0.48959624359259746,0.5116283644587559,0.04032672379266104,0.04032672379266104,-0.20002930899490284,0.26014588640650743,-0.37552872956374284,0.48349550698357285
47,2024-10-18,225.37,247.90700000000004,1.1,0.5,33.18093362000084,33.40773619417033,0.2268025741694899,0.1645836165375544,37.09220965906864,33.4077361941703,-0.6699636537746927,3.670933214015316,-2.023785095310827,2.023785095310827,-0.5002290808996499,0.531547005328131,0.03547899024767001,0.03547899024767001,-0.18869989878514148,0.2799368359934286,-0.33727472637570133,0.5198566292420088
48,2024-12-02,246.25,221.625,0.9,0.25,50.09656717310377,47.72936032790395,2.3672068451998243,0.1645836165375544,40.528715572372775,47.72936032790403,3.370882298417981,6.816073715040775,6.169006060957455,6.169006060957455,-1.2720115114609305,1.2720115114609305,0.22845204645241823,0.22845204645241823,-0.5924466709380258,0.8424833222623824,-0.7032374678976386,1.4375676612278012
49,2024-12-02,246.25,221.625,0.9,0.5,50.47015660405959,51.0684721651046,0.5983155610450126,0.1645836165375544,40.528715572372775,51.0684721651046,6.575818382770176,6.575818382770176,6.580574128442735,6.580574128442735,-1.3035047068462782,1.3035047068462782,0.19530753596747993,0.19530753596747993,-0.5852796501360881,0.7762900072663388,-0.9231590974661967,1.619392414983046
50,2024-12-02,246.25,246.25,1.0,0.25,40.12121098086561,40.41671446546494,0.2955034845993296,0.1645836165375544,40.528715572372775,40.41671446546499,-5.01084939286454,5.01084939286454,7.579822313278198,7.579822313278198,-1.2818093605772276,1.2818093605772276,0.24981084606558776,0.24981084606558776,-0.6111143282524578,0.8490057904803037,-1.037861184557342,1.7796332498902498
51,2024-12-02,246.25,246.25,1.0,0.5,44.38127412121456,44.65721529589495,0.2759411746803906,0.1645836165375544,40.528715572372775,44.65721529589494,-0.9218692679418474,4.763415153648178,7.990419290441879,7.990419290441879,-1.3215178045233187,1.3215178045233187,0.22908913541010456,0.22908913541010456,-0.6091088976932639,0.7956408444370431,-1.2385127321713822,1.9680604149210592
52,2024-12-02,246.25,270.875,1.1,0.25,37.00256397734063,40.85847495697671,3.8559109796360787,0.1645836165375544,40.528715572372775,40.858474956976714,-3.9229831782355564,3.9229831782355564,7.447953926092393,7.447953926092393,-1.314615055207033,1.314615055207033,0.25004943603606405,0.25004943603606405,-0.6416074270797376,0.8206307293084927,-1.4890383170021961,2.245289262588795
53,2024-12-02,246.25,270.875,1.1,0.5,44.25626274352995,44.827857404947885,0.571594661417933,0.1645836165375544,40.528715572372775,44.82785740494786,-0.2924231469778056,3.90278207327397,7.908490674390672,7.908490674390672,-1.3514022402704273,1.3514022402704273,0.22816813728085358,0.22816813728085358,-0.6258684077349066,0.7790516605098916,-1.5678231841132981,2.314338049296
54,2024-12-31,239.71001,215.739009,0.9,0.25,47.66809878208257,45.199184431642735,2.4689143504398388,0.1645836165375544,39.452340366053335,45.19918443164276,3.8877406339995235,7.216329794583785,3.1113671460960837,3.2201150165176435,-0.8876513112546041,0.8876513112546041,0.2236290476395482,0.2236290476395482,-0.589799228811207,0.7169992091159674,0.0015577779200826383,0.9119515491449395
55,2024-12-31,239.71001,215.739009,0.9,0.5,47.42064034818043,48.323897214112655,0.903256865932228,0.1645836165375544,39.452340366053335,48.32389721411262,6.967141534712342,6.967141534712342,3.2584591573515778,3.389231252355222,-0.9017652910703529,0.9017652910703529,0.2602802581020654,0.2602802581020654,-0.5376513782485675,0.7094773301021382,-0.1749074327877781,1.041585084483446
56,2024-12-31,239.71001,239.71001,1.0,0.25,34.90748707877388,36.18261653918605,1.2751294604121668,0.1645836165375544,39.452340366053335,36.18261653918601,-5.187229576645114,5.187229576645114,3.690937319093372,3.7953227588098164,-0.8950045488303051,0.8950045488303051,0.17279289371682652,0.17279289371682652,-0.63455164595895,0.7036138224329578,-0.41666826824315567,1.2482184521770516
57,2024-12-31,239.71001,239.71001,1.0,0.5,39.41432166593654,40.28838757811243,0.8740659121758867,0.1645836165375544,39.452340366053335,40.288387578112406,-1.215741188664193,4.929004970826234,3.9702065611588413,4.0906180313259135,-0.9193863260439785,0.9193863260439785,0.18883440053208628,0.18883440053208628,-0.5985558302054022,0.6935983161509864,-0.5893104047182849,1.4244942727578525
58,2024-12-31,239.71001,263.681011,1.1,0.25,35.89501008210244,36.74617003525546,0.8511599531530223,0.1645836165375544,39.452340366053335,36.74617003525536,-4.0756864606331025,4.0756864606331025,3.5987999169683618,3.708366416067465,-0.9194447048922147,0.9194447048922147,0.18031899955394967,0.18031899955394967,-0.6222218693421095,0.6972900941969574,-0.8679362124528579,1.684417516107704
59,2024-12-31,239.71001,263.681011,1.1,0.5,39.58673998665575,40.54399609791712,0.9572561112613727,0.1645836165375544,39.452340366053335,40.54399609791707,-0.5777470242068101,4.052793678581111,3.912849977643693,4.038375321601431,-0.9424432890148602,0.9424432890148602,0.19523171499872616,0.19523171499872616,-0.5920253730356277,0.7028739169027169,-0.9042102745213848,1.767598930135611
