contract_id,date,moneyness,choice_time_years,scenario,baseline_ml_price,scenario_ml_price,price_change,percentage_change,heston_synthetic_price,baseline_any_feature_outside_pretest_range,baseline_outside_pretest_range_feature_count,baseline_outside_pretest_range_features,any_feature_outside_pretest_range,outside_pretest_range_feature_count,outside_pretest_range_features,newly_outside_pretest_range_due_to_scenario,newly_outside_pretest_range_feature_count,newly_outside_pretest_range_features
1,2023-12-18,0.9,0.25,baseline,27.381664310938113,27.381664310938113,0.0,0.0,27.16843430255536,1,2,volume_change;rolling_vol_20,1,2,volume_change;rolling_vol_20,0,0,
2,2023-12-18,0.9,0.5,baseline,28.564116914845332,28.564116914845332,0.0,0.0,28.35063487256971,1,2,volume_change;rolling_vol_20,1,2,volume_change;rolling_vol_20,0,0,
3,2023-12-18,1.0,0.25,baseline,18.06044875494697,18.06044875494697,0.0,0.0,17.302395243790453,1,2,volume_change;rolling_vol_20,1,2,volume_change;rolling_vol_20,0,0,
4,2023-12-18,1.0,0.5,baseline,20.18583789347917,20.18583789347917,0.0,0.0,19.518035606649416,1,2,volume_change;rolling_vol_20,1,2,volume_change;rolling_vol_20,0,0,
5,2023-12-18,1.1,0.25,baseline,18.065465983918617,18.065465983918617,0.0,0.0,16.739587807029025,1,2,volume_change;rolling_vol_20,1,2,volume_change;rolling_vol_20,0,0,
6,2023-12-18,1.1,0.5,baseline,19.913885023274993,19.913885023274993,0.0,0.0,19.268979838485052,1,2,volume_change;rolling_vol_20,1,2,volume_change;rolling_vol_20,0,0,
7,2024-02-01,0.9,0.25,baseline,28.853714034051613,28.853714034051613,0.0,0.0,27.47324099187152,1,1,rolling_vol_60,1,1,rolling_vol_60,0,0,
8,2024-02-01,0.9,0.5,baseline,30.223084437025772,30.223084437025772,0.0,0.0,28.400906952650487,1,1,rolling_vol_60,1,1,rolling_vol_60,0,0,
9,2024-02-01,1.0,0.25,baseline,18.88361609669694,18.88361609669694,0.0,0.0,17.512350818597174,1,1,rolling_vol_60,1,1,rolling_vol_60,0,0,
10,2024-02-01,1.0,0.5,baseline,21.10786517722262,21.10786517722262,0.0,0.0,18.746953767969146,1,1,rolling_vol_60,1,1,rolling_vol_60,0,0,
11,2024-02-01,1.1,0.25,baseline,18.76071902597038,18.76071902597038,0.0,0.0,17.11860092325262,1,1,rolling_vol_60,1,1,rolling_vol_60,0,0,
12,2024-02-01,1.1,0.5,baseline,20.69566679691248,20.69566679691248,0.0,0.0,17.244636614735068,1,1,rolling_vol_60,1,1,rolling_vol_60,0,0,
13,2024-03-15,0.9,0.25,baseline,31.17207149590065,31.17207149590065,0.0,0.0,30.38854604282989,1,1,rolling_vol_60,1,1,rolling_vol_60,0,0,
14,2024-03-15,0.9,0.5,baseline,32.512036734313995,32.512036734313995,0.0,0.0,32.23894290580302,1,1,rolling_vol_60,1,1,rolling_vol_60,0,0,
15,2024-03-15,1.0,0.25,baseline,20.563099382264134,20.563099382264134,0.0,0.0,18.929388066605625,1,1,rolling_vol_60,1,1,rolling_vol_60,0,0,
16,2024-03-15,1.0,0.5,baseline,22.9625286424626,22.9625286424626,0.0,0.0,20.973509475836604,1,1,rolling_vol_60,1,1,rolling_vol_60,0,0,
17,2024-03-15,1.1,0.25,baseline,20.523887714261907,20.523887714261907,0.0,0.0,18.515311571203355,1,1,rolling_vol_60,1,1,rolling_vol_60,0,0,
18,2024-03-15,1.1,0.5,baseline,22.614479101673684,22.614479101673684,0.0,0.0,20.81867636158145,1,1,rolling_vol_60,1,1,rolling_vol_60,0,0,
19,2024-04-29,0.9,0.25,baseline,32.37139717652092,32.37139717652092,0.0,0.0,34.147556863089626,1,2,volume_to_ma20_ratio;treasury_10y,1,2,volume_to_ma20_ratio;treasury_10y,0,0,
20,2024-04-29,0.9,0.5,baseline,34.24714393253383,34.24714393253383,0.0,0.0,34.76532778137927,1,2,volume_to_ma20_ratio;treasury_10y,1,2,volume_to_ma20_ratio;treasury_10y,0,0,
21,2024-04-29,1.0,0.25,baseline,22.794115594418205,22.794115594418205,0.0,0.0,23.3410269574389,1,2,volume_to_ma20_ratio;treasury_10y,1,2,volume_to_ma20_ratio;treasury_10y,0,0,
22,2024-04-29,1.0,0.5,baseline,25.42103790829311,25.42103790829311,0.0,0.0,25.73036135301323,1,2,volume_to_ma20_ratio;treasury_10y,1,2,volume_to_ma20_ratio;treasury_10y,0,0,
23,2024-04-29,1.1,0.25,baseline,23.46890968432056,23.46890968432056,0.0,0.0,21.567823350227307,1,2,volume_to_ma20_ratio;treasury_10y,1,2,volume_to_ma20_ratio;treasury_10y,0,0,
24,2024-04-29,1.1,0.5,baseline,25.720005169193783,25.720005169193783,0.0,0.0,24.202565771664634,1,2,volume_to_ma20_ratio;treasury_10y,1,2,volume_to_ma20_ratio;treasury_10y,0,0,
25,2024-06-11,0.9,0.25,baseline,33.34392584381195,33.34392584381195,0.0,0.0,34.964532833486984,0,0,,0,0,,0,0,
26,2024-06-11,0.9,0.5,baseline,35.302170202539905,35.302170202539905,0.0,0.0,36.71427204536205,0,0,,0,0,,0,0,
27,2024-06-11,1.0,0.25,baseline,24.8774945479959,24.8774945479959,0.0,0.0,25.29208461485517,0,0,,0,0,,0,0,
28,2024-06-11,1.0,0.5,baseline,27.527625381205077,27.527625381205077,0.0,0.0,28.29256368135523,0,0,,0,0,,0,0,
29,2024-06-11,1.1,0.25,baseline,25.63792085265712,25.63792085265712,0.0,0.0,23.823016464488997,0,0,,0,0,,0,0,
30,2024-06-11,1.1,0.5,baseline,27.87324450612402,27.87324450612402,0.0,0.0,27.206341030432693,0,0,,0,0,,0,0,
31,2024-07-25,0.9,0.25,baseline,34.86050912913129,34.86050912913129,0.0,0.0,36.14636981595952,0,0,,0,0,,0,0,
32,2024-07-25,0.9,0.5,baseline,36.768360883577394,36.768360883577394,0.0,0.0,38.7590827429308,0,0,,0,0,,0,0,
33,2024-07-25,1.0,0.25,baseline,24.88240382537226,24.88240382537226,0.0,0.0,26.006517801784472,0,0,,0,0,,0,0,
34,2024-07-25,1.0,0.5,baseline,27.699703244792037,27.699703244792037,0.0,0.0,27.67715500441868,0,0,,0,0,,0,0,
35,2024-07-25,1.1,0.25,baseline,25.61626284889259,25.61626284889259,0.0,0.0,25.94027651581767,0,0,,0,0,,0,0,
36,2024-07-25,1.1,0.5,baseline,28.041540329210182,28.041540329210182,0.0,0.0,28.81161203529249,0,0,,0,0,,0,0,
37,2024-09-06,0.9,0.25,baseline,35.72649550174137,35.72649550174137,0.0,0.0,37.02632085041381,0,0,,0,0,,0,0,
38,2024-09-06,0.9,0.5,baseline,37.9755107299717,37.9755107299717,0.0,0.0,37.16954984467938,0,0,,0,0,,0,0,
39,2024-09-06,1.0,0.25,baseline,26.533048910445235,26.533048910445235,0.0,0.0,24.88048339662928,0,0,,0,0,,0,0,
40,2024-09-06,1.0,0.5,baseline,29.019834100474313,29.019834100474313,0.0,0.0,28.93558516146549,0,0,,0,0,,0,0,
41,2024-09-06,1.1,0.25,baseline,27.72308484593835,27.72308484593835,0.0,0.0,26.6348942040379,0,0,,0,0,,0,0,
42,2024-09-06,1.1,0.5,baseline,29.66369436313752,29.66369436313752,0.0,0.0,28.51128408008484,0,0,,0,0,,0,0,
43,2024-10-18,0.9,0.25,baseline,39.01684026660192,39.01684026660192,0.0,0.0,40.42220126070944,0,0,,0,0,,0,0,
44,2024-10-18,0.9,0.5,baseline,41.40151930914152,41.40151930914152,0.0,0.0,43.398802875571086,0,0,,0,0,,0,0,
45,2024-10-18,1.0,0.25,baseline,29.337460766397157,29.337460766397157,0.0,0.0,31.629444328537407,0,0,,0,0,,0,0,
46,2024-10-18,1.0,0.5,baseline,32.794802282607684,32.794802282607684,0.0,0.0,34.3227367591832,0,0,,0,0,,0,0,
47,2024-10-18,1.1,0.25,baseline,30.336785604425152,30.336785604425152,0.0,0.0,30.796076205372508,0,0,,0,0,,0,0,
48,2024-10-18,1.1,0.5,baseline,33.272227350902625,33.272227350902625,0.0,0.0,33.18093362000084,0,0,,0,0,,0,0,
49,2024-12-02,0.9,0.25,baseline,46.72659983768525,46.72659983768525,0.0,0.0,50.09656717310377,0,0,,0,0,,0,0,
50,2024-12-02,0.9,0.5,baseline,49.95272577841707,49.95272577841707,0.0,0.0,50.47015660405959,0,0,,0,0,,0,0,
51,2024-12-02,1.0,0.25,baseline,39.039438091637244,39.039438091637244,0.0,0.0,40.12121098086561,0,0,,0,0,,0,0,
52,2024-12-02,1.0,0.5,baseline,43.324153554705774,43.324153554705774,0.0,0.0,44.38127412121456,0,0,,0,0,,0,0,
53,2024-12-02,1.1,0.25,baseline,39.46433107833979,39.46433107833979,0.0,0.0,37.00256397734063,0,0,,0,0,,0,0,
54,2024-12-02,1.1,0.5,baseline,43.3907932572452,43.3907932572452,0.0,0.0,44.25626274352995,0,0,,0,0,,0,0,
55,2024-12-31,0.9,0.25,baseline,45.32860553280205,45.32860553280205,0.0,0.0,47.66809878208257,1,3,volume_to_ma20_ratio;treasury_10y;jpm_vix_corr_20,1,3,volume_to_ma20_ratio;treasury_10y;jpm_vix_corr_20,0,0,
56,2024-12-31,0.9,0.5,baseline,48.23145571860428,48.23145571860428,0.0,0.0,47.42064034818043,1,3,volume_to_ma20_ratio;treasury_10y;jpm_vix_corr_20,1,3,volume_to_ma20_ratio;treasury_10y;jpm_vix_corr_20,0,0,
57,2024-12-31,1.0,0.25,baseline,36.31078352599571,36.31078352599571,0.0,0.0,34.90748707877388,1,3,volume_to_ma20_ratio;treasury_10y;jpm_vix_corr_20,1,3,volume_to_ma20_ratio;treasury_10y;jpm_vix_corr_20,0,0,
58,2024-12-31,1.0,0.5,baseline,40.382533138723595,40.382533138723595,0.0,0.0,39.41432166593654,1,3,volume_to_ma20_ratio;treasury_10y;jpm_vix_corr_20,1,3,volume_to_ma20_ratio;treasury_10y;jpm_vix_corr_20,0,0,
59,2024-12-31,1.1,0.25,baseline,36.69311099614625,36.69311099614625,0.0,0.0,35.89501008210244,1,3,volume_to_ma20_ratio;treasury_10y;jpm_vix_corr_20,1,3,volume_to_ma20_ratio;treasury_10y;jpm_vix_corr_20,0,0,
60,2024-12-31,1.1,0.5,baseline,40.4226381235041,40.4226381235041,0.0,0.0,39.58673998665575,1,3,volume_to_ma20_ratio;treasury_10y;jpm_vix_corr_20,1,3,volume_to_ma20_ratio;treasury_10y;jpm_vix_corr_20,0,0,
1,2023-12-18,0.9,0.25,underlying_volatility_spike_50pct,27.381664310938113,28.572068775168955,1.1904044642308413,4.3474510925010215,27.16843430255536,1,2,volume_change;rolling_vol_20,1,1,volume_change,0,0,
2,2023-12-18,0.9,0.5,underlying_volatility_spike_50pct,28.564116914845332,30.234769042783682,1.6706521279383502,5.8487791970564285,28.35063487256971,1,2,volume_change;rolling_vol_20,1,1,volume_change,0,0,
3,2023-12-18,1.0,0.25,underlying_volatility_spike_50pct,18.06044875494697,21.35105643411038,3.290607679163408,18.219966313196238,17.302395243790453,1,2,volume_change;rolling_vol_20,1,1,volume_change,0,0,
4,2023-12-18,1.0,0.5,underlying_volatility_spike_50pct,20.18583789347917,23.579513381517614,3.3936754880384434,16.81216061452042,19.518035606649416,1,2,volume_change;rolling_vol_20,1,1,volume_change,0,0,
5,2023-12-18,1.1,0.25,underlying_volatility_spike_50pct,18.065465983918617,22.119406852938248,4.05394086901963,22.44027844412282,16.739587807029025,1,2,volume_change;rolling_vol_20,1,1,volume_change,0,0,
6,2023-12-18,1.1,0.5,underlying_volatility_spike_50pct,19.913885023274993,23.98220173662736,4.068316713352367,20.429548069587582,19.268979838485052,1,2,volume_change;rolling_vol_20,1,1,volume_change,0,0,
7,2024-02-01,0.9,0.25,underlying_volatility_spike_50pct,28.853714034051613,28.961587139294657,0.10787310524304417,0.37386211395780133,27.47324099187152,1,1,rolling_vol_60,0,0,,0,0,
8,2024-02-01,0.9,0.5,underlying_volatility_spike_50pct,30.223084437025772,30.346301235556997,0.12321679853122447,0.4076910111142519,28.400906952650487,1,1,rolling_vol_60,0,0,,0,0,
9,2024-02-01,1.0,0.25,underlying_volatility_spike_50pct,18.88361609669694,19.45775695661699,0.5741408599200497,3.0404179844583714,17.512350818597174,1,1,rolling_vol_60,0,0,,0,0,
10,2024-02-01,1.0,0.5,underlying_volatility_spike_50pct,21.10786517722262,21.807126134404303,0.6992609571816821,3.312798103032469,18.746953767969146,1,1,rolling_vol_60,0,0,,0,0,
11,2024-02-01,1.1,0.25,underlying_volatility_spike_50pct,18.76071902597038,19.439112840833292,0.6783938148629112,3.6160331271089,17.11860092325262,1,1,rolling_vol_60,0,0,,0,0,
12,2024-02-01,1.1,0.5,underlying_volatility_spike_50pct,20.69566679691248,21.48923218623422,0.7935653893217385,3.8344519029467943,17.244636614735068,1,1,rolling_vol_60,0,0,,0,0,
13,2024-03-15,0.9,0.25,underlying_volatility_spike_50pct,31.17207149590065,31.397764644595615,0.22569314869496537,0.7240235822141163,30.38854604282989,1,1,rolling_vol_60,0,0,,0,0,
14,2024-03-15,0.9,0.5,underlying_volatility_spike_50pct,32.512036734313995,32.82747462288367,0.3154378885696758,0.9702187874214444,32.23894290580302,1,1,rolling_vol_60,0,0,,0,0,
15,2024-03-15,1.0,0.25,underlying_volatility_spike_50pct,20.563099382264134,22.08974918724083,1.526649804976696,7.424220330780708,18.929388066605625,1,1,rolling_vol_60,0,0,,0,0,
16,2024-03-15,1.0,0.5,underlying_volatility_spike_50pct,22.9625286424626,24.530380150622438,1.567851508159837,6.827869580794102,20.973509475836604,1,1,rolling_vol_60,0,0,,0,0,
17,2024-03-15,1.1,0.25,underlying_volatility_spike_50pct,20.523887714261907,22.58540355132831,2.061515837066402,10.044470452027804,18.515311571203355,1,1,rolling_vol_60,0,0,,0,0,
18,2024-03-15,1.1,0.5,underlying_volatility_spike_50pct,22.614479101673684,24.685563208324854,2.0710841066511705,9.158221586001027,20.81867636158145,1,1,rolling_vol_60,0,0,,0,0,
19,2024-04-29,0.9,0.25,underlying_volatility_spike_50pct,32.37139717652092,36.23652870385662,3.8651315273356985,11.939958928121555,34.147556863089626,1,2,volume_to_ma20_ratio;treasury_10y,1,2,volume_to_ma20_ratio;treasury_10y,0,0,
20,2024-04-29,0.9,0.5,underlying_volatility_spike_50pct,34.24714393253383,38.452306021211086,4.205162088677255,12.278869434955913,34.76532778137927,1,2,volume_to_ma20_ratio;treasury_10y,1,2,volume_to_ma20_ratio;treasury_10y,0,0,
21,2024-04-29,1.0,0.25,underlying_volatility_spike_50pct,22.794115594418205,28.89291624262138,6.098800648203174,26.756031059597856,23.3410269574389,1,2,volume_to_ma20_ratio;treasury_10y,1,2,volume_to_ma20_ratio;treasury_10y,0,0,
22,2024-04-29,1.0,0.5,underlying_volatility_spike_50pct,25.42103790829311,32.096922963885206,6.675885055592097,26.261260770215138,25.73036135301323,1,2,volume_to_ma20_ratio;treasury_10y,1,2,volume_to_ma20_ratio;treasury_10y,0,0,
23,2024-04-29,1.1,0.25,underlying_volatility_spike_50pct,23.46890968432056,29.310918825185844,5.842009140865283,24.892546008510546,21.567823350227307,1,2,volume_to_ma20_ratio;treasury_10y,1,2,volume_to_ma20_ratio;treasury_10y,0,0,
24,2024-04-29,1.1,0.5,underlying_volatility_spike_50pct,25.720005169193783,32.188843604010636,6.468838434816853,25.150999746162277,24.202565771664634,1,2,volume_to_ma20_ratio;treasury_10y,1,2,volume_to_ma20_ratio;treasury_10y,0,0,
25,2024-06-11,0.9,0.25,underlying_volatility_spike_50pct,33.34392584381195,37.44080849086623,4.096882647054279,12.286743517379161,34.964532833486984,0,0,,0,0,,0,0,
26,2024-06-11,0.9,0.5,underlying_volatility_spike_50pct,35.302170202539905,39.97138305968489,4.669212857144984,13.226418745239197,36.71427204536205,0,0,,0,0,,0,0,
27,2024-06-11,1.0,0.25,underlying_volatility_spike_50pct,24.8774945479959,31.549475166255107,6.671980618259205,26.8193431030083,25.29208461485517,0,0,,0,0,,0,0,
28,2024-06-11,1.0,0.5,underlying_volatility_spike_50pct,27.527625381205077,34.940955851396765,7.4133304701916884,26.930512049372982,28.29256368135523,0,0,,0,0,,0,0,
29,2024-06-11,1.1,0.25,underlying_volatility_spike_50pct,25.63792085265712,31.83683564897463,6.19891479631751,24.178695425198853,23.823016464488997,0,0,,0,0,,0,0,
30,2024-06-11,1.1,0.5,underlying_volatility_spike_50pct,27.87324450612402,34.96137633227074,7.088131826146718,25.429877115989804,27.206341030432693,0,0,,0,0,,0,0,
31,2024-07-25,0.9,0.25,underlying_volatility_spike_50pct,34.86050912913129,39.01368987965809,4.153180750526801,11.913712261466035,36.14636981595952,0,0,,0,0,,0,0,
32,2024-07-25,0.9,0.5,underlying_volatility_spike_50pct,36.768360883577394,41.63752724355367,4.869166359976276,13.242815950903843,38.7590827429308,0,0,,0,0,,0,0,
33,2024-07-25,1.0,0.25,underlying_volatility_spike_50pct,24.88240382537226,31.37169181537089,6.48928798999863,26.079827477848372,26.006517801784472,0,0,,0,0,,0,0,
34,2024-07-25,1.0,0.5,underlying_volatility_spike_50pct,27.699703244792037,35.042281043984566,7.342577799192529,26.50778506290693,27.67715500441868,0,0,,0,0,,0,0,
35,2024-07-25,1.1,0.25,underlying_volatility_spike_50pct,25.61626284889259,31.657695649533263,6.041432800640674,23.584364496407602,25.94027651581767,0,0,,0,0,,0,0,
36,2024-07-25,1.1,0.5,underlying_volatility_spike_50pct,28.041540329210182,35.0498955471547,7.008355217944516,24.992761223762322,28.81161203529249,0,0,,0,0,,0,0,
37,2024-09-06,0.9,0.25,underlying_volatility_spike_50pct,35.72649550174137,40.41379358909035,4.687298087348985,13.119949274399215,37.02632085041381,0,0,,0,0,,0,0,
38,2024-09-06,0.9,0.5,underlying_volatility_spike_50pct,37.9755107299717,43.499341783051946,5.523831053080244,14.54577159569477,37.16954984467938,0,0,,0,0,,0,0,
39,2024-09-06,1.0,0.25,underlying_volatility_spike_50pct,26.533048910445235,33.85243408383559,7.319385173390355,27.585918218802743,24.88048339662928,0,0,,0,0,,0,0,
40,2024-09-06,1.0,0.5,underlying_volatility_spike_50pct,29.019834100474313,37.75439945684508,8.734565356370766,30.09860540942239,28.93558516146549,0,0,,0,0,,0,0,
41,2024-09-06,1.1,0.25,underlying_volatility_spike_50pct,27.72308484593835,34.493055292001586,6.769970446063237,24.419975207250758,26.6348942040379,0,0,,0,0,,0,0,
42,2024-09-06,1.1,0.5,underlying_volatility_spike_50pct,29.66369436313752,37.99341680611078,8.32972244297326,28.08052948834465,28.51128408008484,0,0,,0,0,,0,0,
43,2024-10-18,0.9,0.25,underlying_volatility_spike_50pct,39.01684026660192,45.899258928195174,6.882418661593256,17.639610523470676,40.42220126070944,0,0,,0,0,,0,0,
44,2024-10-18,0.9,0.5,underlying_volatility_spike_50pct,41.40151930914152,49.76692773638167,8.365408427240148,20.205559039455473,43.398802875571086,0,0,,0,0,,0,0,
45,2024-10-18,1.0,0.25,underlying_volatility_spike_50pct,29.337460766397157,42.311781042599,12.974320276201844,44.22441457872355,31.629444328537407,0,0,,0,0,,0,0,
46,2024-10-18,1.0,0.5,underlying_volatility_spike_50pct,32.794802282607684,46.491462666712025,13.69666038410434,41.7647292582343,34.3227367591832,0,0,,0,0,,0,0,
47,2024-10-18,1.1,0.25,underlying_volatility_spike_50pct,30.336785604425152,42.776711270206334,12.439925665781182,41.006077004963245,30.796076205372508,0,0,,0,0,,0,0,
48,2024-10-18,1.1,0.5,underlying_volatility_spike_50pct,33.272227350902625,46.573649102980184,13.301421752077559,39.97755128262163,33.18093362000084,0,0,,0,0,,0,0,
49,2024-12-02,0.9,0.25,underlying_volatility_spike_50pct,46.72659983768525,51.15582293386675,4.429223096181502,9.479018613738956,50.09656717310377,0,0,,0,0,,0,0,
50,2024-12-02,0.9,0.5,underlying_volatility_spike_50pct,49.95272577841707,55.39887279482387,5.446147016406805,10.902602273527796,50.47015660405959,0,0,,0,0,,0,0,
51,2024-12-02,1.0,0.25,underlying_volatility_spike_50pct,39.039438091637244,47.565798876530756,8.526360784893512,21.840377837610244,40.12121098086561,0,0,,0,0,,0,0,
52,2024-12-02,1.0,0.5,underlying_volatility_spike_50pct,43.324153554705774,52.212937584270904,8.88878402956513,20.516924856572647,44.38127412121456,0,0,,0,0,,0,0,
53,2024-12-02,1.1,0.25,underlying_volatility_spike_50pct,39.46433107833979,48.07765168982795,8.613320611488163,21.82558370086154,37.00256397734063,0,0,,0,0,,0,0,
54,2024-12-02,1.1,0.5,underlying_volatility_spike_50pct,43.3907932572452,52.37155808905266,8.980764831807463,20.697397207201078,44.25626274352995,0,0,,0,0,,0,0,
55,2024-12-31,0.9,0.25,underlying_volatility_spike_50pct,45.32860553280205,52.62604976882043,7.297444236018379,16.09898242013552,47.66809878208257,1,3,volume_to_ma20_ratio;treasury_10y;jpm_vix_corr_20,1,3,volume_to_ma20_ratio;treasury_10y;jpm_vix_corr_20,0,0,
56,2024-12-31,0.9,0.5,underlying_volatility_spike_50pct,48.23145571860428,56.685128380747045,8.453672662142765,17.527301501044963,47.42064034818043,1,3,volume_to_ma20_ratio;treasury_10y;jpm_vix_corr_20,1,3,volume_to_ma20_ratio;treasury_10y;jpm_vix_corr_20,0,0,
57,2024-12-31,1.0,0.25,underlying_volatility_spike_50pct,36.31078352599571,49.35974214223917,13.04895861624346,35.93686874562047,34.90748707877388,1,3,volume_to_ma20_ratio;treasury_10y;jpm_vix_corr_20,1,3,volume_to_ma20_ratio;treasury_10y;jpm_vix_corr_20,0,0,
58,2024-12-31,1.0,0.5,underlying_volatility_spike_50pct,40.382533138723595,53.7756128475916,13.393079708868008,33.16552644892186,39.41432166593654,1,3,volume_to_ma20_ratio;treasury_10y;jpm_vix_corr_20,1,3,volume_to_ma20_ratio;treasury_10y;jpm_vix_corr_20,0,0,
59,2024-12-31,1.1,0.25,underlying_volatility_spike_50pct,36.69311099614625,49.72473343260323,13.031622436456978,35.51517460001046,35.89501008210244,1,3,volume_to_ma20_ratio;treasury_10y;jpm_vix_corr_20,1,3,volume_to_ma20_ratio;treasury_10y;jpm_vix_corr_20,0,0,
60,2024-12-31,1.1,0.5,underlying_volatility_spike_50pct,40.4226381235041,53.80751455638251,13.384876432878407,33.11232778024859,39.58673998665575,1,3,volume_to_ma20_ratio;treasury_10y;jpm_vix_corr_20,1,3,volume_to_ma20_ratio;treasury_10y;jpm_vix_corr_20,0,0,
1,2023-12-18,0.9,0.25,vix_spike_50pct,27.381664310938113,27.66929238352919,0.28762807259107603,1.0504404309572142,27.16843430255536,1,2,volume_change;rolling_vol_20,1,2,volume_change;rolling_vol_20,0,0,
2,2023-12-18,0.9,0.5,vix_spike_50pct,28.564116914845332,28.90850915657012,0.3443922417247869,1.2056813895261698,28.35063487256971,1,2,volume_change;rolling_vol_20,1,2,volume_change;rolling_vol_20,0,0,
3,2023-12-18,1.0,0.25,vix_spike_50pct,18.06044875494697,18.21488174647347,0.15443299152649814,0.8550894477868226,17.302395243790453,1,2,volume_change;rolling_vol_20,1,2,volume_change;rolling_vol_20,0,0,
4,2023-12-18,1.0,0.5,vix_spike_50pct,20.18583789347917,20.359204612306133,0.17336671882696209,0.8588532204698148,19.518035606649416,1,2,volume_change;rolling_vol_20,1,2,volume_change;rolling_vol_20,0,0,
5,2023-12-18,1.1,0.25,vix_spike_50pct,18.065465983918617,18.242553415123233,0.17708743120461534,0.980253879762934,16.739587807029025,1,2,volume_change;rolling_vol_20,1,2,volume_change;rolling_vol_20,0,0,
6,2023-12-18,1.1,0.5,vix_spike_50pct,19.913885023274993,20.07070805372527,0.15682303045027624,0.787505955101098,19.268979838485052,1,2,volume_change;rolling_vol_20,1,2,volume_change;rolling_vol_20,0,0,
7,2024-02-01,0.9,0.25,vix_spike_50pct,28.853714034051613,28.85042028896153,-0.0032937450900831777,-0.011415324509683833,27.47324099187152,1,1,rolling_vol_60,1,1,rolling_vol_60,0,0,
8,2024-02-01,0.9,0.5,vix_spike_50pct,30.223084437025772,30.25227773936653,0.02919330234075801,0.09659272997627537,28.400906952650487,1,1,rolling_vol_60,1,1,rolling_vol_60,0,0,
9,2024-02-01,1.0,0.25,vix_spike_50pct,18.88361609669694,18.90978003909199,0.026163942395051265,0.1385536661043844,17.512350818597174,1,1,rolling_vol_60,1,1,rolling_vol_60,0,0,
10,2024-02-01,1.0,0.5,vix_spike_50pct,21.10786517722262,21.145740342136563,0.03787516491394172,0.1794362650885822,18.746953767969146,1,1,rolling_vol_60,1,1,rolling_vol_60,0,0,
11,2024-02-01,1.1,0.25,vix_spike_50pct,18.76071902597038,18.889430925642465,0.12871189967208352,0.6860712507548788,17.11860092325262,1,1,rolling_vol_60,1,1,rolling_vol_60,0,0,
12,2024-02-01,1.1,0.5,vix_spike_50pct,20.69566679691248,20.776121519730612,0.08045472281813204,0.38875153725481715,17.244636614735068,1,1,rolling_vol_60,1,1,rolling_vol_60,0,0,
13,2024-03-15,0.9,0.25,vix_spike_50pct,31.17207149590065,31.2462550505896,0.07418355468895044,0.23798083068911896,30.38854604282989,1,1,rolling_vol_60,1,1,rolling_vol_60,0,0,
14,2024-03-15,0.9,0.5,vix_spike_50pct,32.512036734313995,32.642464964491865,0.13042823017786986,0.40116905392215163,32.23894290580302,1,1,rolling_vol_60,1,1,rolling_vol_60,0,0,
15,2024-03-15,1.0,0.25,vix_spike_50pct,20.563099382264134,20.679366174949653,0.11626679268551854,0.5654147291910661,18.929388066605625,1,1,rolling_vol_60,1,1,rolling_vol_60,0,0,
16,2024-03-15,1.0,0.5,vix_spike_50pct,22.9625286424626,23.08724179620953,0.12471315374692793,0.5431159420147953,20.973509475836604,1,1,rolling_vol_60,1,1,rolling_vol_60,0,0,
17,2024-03-15,1.1,0.25,vix_spike_50pct,20.523887714261907,20.796181497095098,0.2722937828331915,1.3267163932298092,18.515311571203355,1,1,rolling_vol_60,1,1,rolling_vol_60,0,0,
18,2024-03-15,1.1,0.5,vix_spike_50pct,22.614479101673684,22.827127341972627,0.21264824029894314,0.9403189847658493,20.81867636158145,1,1,rolling_vol_60,1,1,rolling_vol_60,0,0,
19,2024-04-29,0.9,0.25,vix_spike_50pct,32.37139717652092,32.39244438431757,0.021047207796648593,0.06501791591471437,34.147556863089626,1,2,volume_to_ma20_ratio;treasury_10y,1,2,volume_to_ma20_ratio;treasury_10y,0,0,
20,2024-04-29,0.9,0.5,vix_spike_50pct,34.24714393253383,34.29006491822292,0.04292098568908642,0.12532719742598064,34.76532778137927,1,2,volume_to_ma20_ratio;treasury_10y,1,2,volume_to_ma20_ratio;treasury_10y,0,0,
21,2024-04-29,1.0,0.25,vix_spike_50pct,22.794115594418205,22.83557129322325,0.04145569880504496,0.18187017887720364,23.3410269574389,1,2,volume_to_ma20_ratio;treasury_10y,1,2,volume_to_ma20_ratio;treasury_10y,0,0,
22,2024-04-29,1.0,0.5,vix_spike_50pct,25.42103790829311,25.431296461361537,0.01025855306842871,0.040354579956320594,25.73036135301323,1,2,volume_to_ma20_ratio;treasury_10y,1,2,volume_to_ma20_ratio;treasury_10y,0,0,
23,2024-04-29,1.1,0.25,vix_spike_50pct,23.46890968432056,23.679734226362406,0.21082454204184486,0.8983141734219356,21.567823350227307,1,2,volume_to_ma20_ratio;treasury_10y,1,2,volume_to_ma20_ratio;treasury_10y,0,0,
24,2024-04-29,1.1,0.5,vix_spike_50pct,25.720005169193783,25.841774021399818,0.12176885220603495,0.47344023224335885,24.202565771664634,1,2,volume_to_ma20_ratio;treasury_10y,1,2,volume_to_ma20_ratio;treasury_10y,0,0,
25,2024-06-11,0.9,0.25,vix_spike_50pct,33.34392584381195,33.48320360789989,0.1392777640879359,0.4177005573378919,34.964532833486984,0,0,,0,0,,0,0,
26,2024-06-11,0.9,0.5,vix_spike_50pct,35.302170202539905,35.44262275953525,0.1404525569953421,0.39785813786948676,36.71427204536205,0,0,,0,0,,0,0,
27,2024-06-11,1.0,0.25,vix_spike_50pct,24.8774945479959,24.965652758419537,0.08815821042363581,0.35436932868602605,25.29208461485517,0,0,,0,0,,0,0,
28,2024-06-11,1.0,0.5,vix_spike_50pct,27.527625381205077,27.60147156569883,0.07384618449375324,0.2682620947906858,28.29256368135523,0,0,,0,0,,0,0,
29,2024-06-11,1.1,0.25,vix_spike_50pct,25.63792085265712,25.778680134426715,0.14075928176959351,0.5490276788767182,23.823016464488997,0,0,,0,0,,0,0,
30,2024-06-11,1.1,0.5,vix_spike_50pct,27.87324450612402,27.96064097198292,0.08739646585889815,0.3135496688937533,27.206341030432693,0,0,,0,0,,0,0,
31,2024-07-25,0.9,0.25,vix_spike_50pct,34.86050912913129,34.80616784044336,-0.054341288687929534,-0.1558820856191084,36.14636981595952,0,0,,0,0,,0,0,
32,2024-07-25,0.9,0.5,vix_spike_50pct,36.768360883577394,36.790932339403795,0.022571455826401632,0.061388256870822826,38.7590827429308,0,0,,0,0,,0,0,
33,2024-07-25,1.0,0.25,vix_spike_50pct,24.88240382537226,24.90240743596003,0.020003610587767895,0.08039259682527326,26.006517801784472,0,0,,0,0,,0,0,
34,2024-07-25,1.0,0.5,vix_spike_50pct,27.699703244792037,27.708409559010537,0.00870631421850021,0.03143107397779479,27.67715500441868,0,0,,0,0,,0,0,
35,2024-07-25,1.1,0.25,vix_spike_50pct,25.61626284889259,25.983283991354376,0.3670211424617875,1.4327661479225262,25.94027651581767,0,0,,0,0,,0,0,
36,2024-07-25,1.1,0.5,vix_spike_50pct,28.041540329210182,28.279129331438494,0.23758900222831159,0.8472751476523598,28.81161203529249,0,0,,0,0,,0,0,
37,2024-09-06,0.9,0.25,vix_spike_50pct,35.72649550174137,35.75916995471325,0.03267445297188232,0.09145720147751327,37.02632085041381,0,0,,0,0,,0,0,
38,2024-09-06,0.9,0.5,vix_spike_50pct,37.9755107299717,38.05956831050313,0.08405758053142875,0.22134680723355576,37.16954984467938,0,0,,0,0,,0,0,
39,2024-09-06,1.0,0.25,vix_spike_50pct,26.533048910445235,26.523070572690834,-0.009978337754400712,-0.03760720371066196,24.88048339662928,0,0,,0,0,,0,0,
40,2024-09-06,1.0,0.5,vix_spike_50pct,29.019834100474313,29.06413285745153,0.044298756977216414,0.1526499318495152,28.93558516146549,0,0,,0,0,,0,0,
41,2024-09-06,1.1,0.25,vix_spike_50pct,27.72308484593835,27.810915063828304,0.08783021788995526,0.3168125711047019,26.6348942040379,0,0,,0,0,,0,0,
42,2024-09-06,1.1,0.5,vix_spike_50pct,29.66369436313752,29.79180872409272,0.1281143609552018,0.43188943152814757,28.51128408008484,0,0,,0,0,,0,0,
43,2024-10-18,0.9,0.25,vix_spike_50pct,39.01684026660192,39.02421639019479,0.0073761235928699875,0.018904974217463445,40.42220126070944,0,0,,0,0,,0,0,
44,2024-10-18,0.9,0.5,vix_spike_50pct,41.40151930914152,41.69497793848145,0.2934586293399306,0.7088112567770779,43.398802875571086,0,0,,0,0,,0,0,
45,2024-10-18,1.0,0.25,vix_spike_50pct,29.337460766397157,29.27896318697523,-0.058497579421928236,-0.19939550967863856,31.629444328537407,0,0,,0,0,,0,0,
46,2024-10-18,1.0,0.5,vix_spike_50pct,32.794802282607684,32.95247514054375,0.15767285793606334,0.48078612146316607,34.3227367591832,0,0,,0,0,,0,0,
47,2024-10-18,1.1,0.25,vix_spike_50pct,30.336785604425152,30.564302655881246,0.22751705145609336,0.7499708585569659,30.796076205372508,0,0,,0,0,,0,0,
48,2024-10-18,1.1,0.5,vix_spike_50pct,33.272227350902625,33.6245235671694,0.35229621626677243,1.0588296736233236,33.18093362000084,0,0,,0,0,,0,0,
49,2024-12-02,0.9,0.25,vix_spike_50pct,46.72659983768525,46.794190636198344,0.0675907985130948,0.14465165183832285,50.09656717310377,0,0,,0,0,,0,0,
50,2024-12-02,0.9,0.5,vix_spike_50pct,49.95272577841707,50.029720160463484,0.07699438204641496,0.15413449585904618,50.47015660405959,0,0,,0,0,,0,0,
51,2024-12-02,1.0,0.25,vix_spike_50pct,39.039438091637244,39.05474846545719,0.01531037381994338,0.03921771052135881,40.12121098086561,0,0,,0,0,,0,0,
52,2024-12-02,1.0,0.5,vix_spike_50pct,43.324153554705774,43.34886751205904,0.024713957353263538,0.057044293599543765,44.38127412121456,0,0,,0,0,,0,0,
53,2024-12-02,1.1,0.25,vix_spike_50pct,39.46433107833979,39.517289459538084,0.052958381198294546,0.13419302887249757,37.00256397734063,0,0,,0,0,,0,0,
54,2024-12-02,1.1,0.5,vix_spike_50pct,43.3907932572452,43.44315570658924,0.052362449344038,0.12067640486221061,44.25626274352995,0,0,,0,0,,0,0,
55,2024-12-31,0.9,0.25,vix_spike_50pct,45.32860553280205,45.40748429419333,0.07887876139128025,0.17401541579345436,47.66809878208257,1,3,volume_to_ma20_ratio;treasury_10y;jpm_vix_corr_20,1,3,volume_to_ma20_ratio;treasury_10y;jpm_vix_corr_20,0,0,
56,2024-12-31,0.9,0.5,vix_spike_50pct,48.23145571860428,48.34944366412883,0.11798794552454694,0.24462862206133984,47.42064034818043,1,3,volume_to_ma20_ratio;treasury_10y;jpm_vix_corr_20,1,3,volume_to_ma20_ratio;treasury_10y;jpm_vix_corr_20,0,0,
57,2024-12-31,1.0,0.25,vix_spike_50pct,36.31078352599571,36.340126179945344,0.029342653949633757,0.08080975154013598,34.90748707877388,1,3,volume_to_ma20_ratio;treasury_10y;jpm_vix_corr_20,1,3,volume_to_ma20_ratio;treasury_10y;jpm_vix_corr_20,0,0,
58,2024-12-31,1.0,0.5,vix_spike_50pct,40.382533138723595,40.38822589088509,0.005692752161493786,0.01409706553558151,39.41432166593654,1,3,volume_to_ma20_ratio;treasury_10y;jpm_vix_corr_20,1,3,volume_to_ma20_ratio;treasury_10y;jpm_vix_corr_20,0,0,
59,2024-12-31,1.1,0.25,vix_spike_50pct,36.69311099614625,36.95109514980896,0.25798415366270433,0.7030860743582071,35.89501008210244,1,3,volume_to_ma20_ratio;treasury_10y;jpm_vix_corr_20,1,3,volume_to_ma20_ratio;treasury_10y;jpm_vix_corr_20,0,0,
60,2024-12-31,1.1,0.5,vix_spike_50pct,40.4226381235041,40.575553670646464,0.15291554714236355,0.37829185387444925,39.58673998665575,1,3,volume_to_ma20_ratio;treasury_10y;jpm_vix_corr_20,1,3,volume_to_ma20_ratio;treasury_10y;jpm_vix_corr_20,0,0,
1,2023-12-18,0.9,0.25,rate_hike_2_percentage_points,27.381664310938113,27.418083168263994,0.036418857325880793,0.1330045424278049,27.16843430255536,1,2,volume_change;rolling_vol_20,1,3,volume_change;rolling_vol_20;treasury_10y,1,1,treasury_10y
2,2023-12-18,0.9,0.5,rate_hike_2_percentage_points,28.564116914845332,28.598807248186233,0.03469033334090099,0.12144724601260733,28.35063487256971,1,2,volume_change;rolling_vol_20,1,3,volume_change;rolling_vol_20;treasury_10y,1,1,treasury_10y
3,2023-12-18,1.0,0.25,rate_hike_2_percentage_points,18.06044875494697,18.096867612272856,0.036418857325884346,0.20164979187412932,17.302395243790453,1,2,volume_change;rolling_vol_20,1,3,volume_change;rolling_vol_20;treasury_10y,1,1,treasury_10y
4,2023-12-18,1.0,0.5,rate_hike_2_percentage_points,20.18583789347917,20.220528226820075,0.034690333340904544,0.17185480991161087,19.518035606649416,1,2,volume_change;rolling_vol_20,1,3,volume_change;rolling_vol_20;treasury_10y,1,1,treasury_10y
5,2023-12-18,1.1,0.25,rate_hike_2_percentage_points,18.065465983918617,18.101884841244498,0.036418857325880793,0.2015937887143341,16.739587807029025,1,2,volume_change;rolling_vol_20,1,3,volume_change;rolling_vol_20;treasury_10y,1,1,treasury_10y
6,2023-12-18,1.1,0.5,rate_hike_2_percentage_points,19.913885023274993,19.948575356615898,0.034690333340904544,0.1742017356249627,19.268979838485052,1,2,volume_change;rolling_vol_20,1,3,volume_change;rolling_vol_20;treasury_10y,1,1,treasury_10y
7,2024-02-01,0.9,0.25,rate_hike_2_percentage_points,28.853714034051613,28.891776045019704,0.038062010968090476,0.13191373187927116,27.47324099187152,1,1,rolling_vol_60,1,2,rolling_vol_60;treasury_10y,1,1,treasury_10y
8,2024-02-01,0.9,0.5,rate_hike_2_percentage_points,30.223084437025772,30.25933993610124,0.036255499075469544,0.1199596260633596,28.400906952650487,1,1,rolling_vol_60,1,2,rolling_vol_60;treasury_10y,1,1,treasury_10y
9,2024-02-01,1.0,0.25,rate_hike_2_percentage_points,18.88361609669694,18.92167810766503,0.038062010968090476,0.2015610292710206,17.512350818597174,1,1,rolling_vol_60,1,2,rolling_vol_60;treasury_10y,1,1,treasury_10y
10,2024-02-01,1.0,0.5,rate_hike_2_percentage_points,21.10786517722262,21.144120676298094,0.0362554990754731,0.17176298394494297,18.746953767969146,1,1,rolling_vol_60,1,2,rolling_vol_60;treasury_10y,1,1,treasury_10y
11,2024-02-01,1.1,0.25,rate_hike_2_percentage_points,18.76071902597038,18.798781036938472,0.038062010968090476,0.2028814083053075,17.11860092325262,1,1,rolling_vol_60,1,2,rolling_vol_60;treasury_10y,1,1,treasury_10y
12,2024-02-01,1.1,0.5,rate_hike_2_percentage_points,20.69566679691248,20.73192229598795,0.036255499075469544,0.17518401040781342,17.244636614735068,1,1,rolling_vol_60,1,2,rolling_vol_60;treasury_10y,1,1,treasury_10y
13,2024-03-15,0.9,0.25,rate_hike_2_percentage_points,31.17207149590065,31.17207149590065,0.0,0.0,30.38854604282989,1,1,rolling_vol_60,1,2,rolling_vol_60;treasury_10y,1,1,treasury_10y
14,2024-03-15,0.9,0.5,rate_hike_2_percentage_points,32.512036734313995,32.512036734313995,0.0,0.0,32.23894290580302,1,1,rolling_vol_60,1,2,rolling_vol_60;treasury_10y,1,1,treasury_10y
15,2024-03-15,1.0,0.25,rate_hike_2_percentage_points,20.563099382264134,20.563099382264134,0.0,0.0,18.929388066605625,1,1,rolling_vol_60,1,2,rolling_vol_60;treasury_10y,1,1,treasury_10y
16,2024-03-15,1.0,0.5,rate_hike_2_percentage_points,22.9625286424626,22.9625286424626,0.0,0.0,20.973509475836604,1,1,rolling_vol_60,1,2,rolling_vol_60;treasury_10y,1,1,treasury_10y
17,2024-03-15,1.1,0.25,rate_hike_2_percentage_points,20.523887714261907,20.523887714261907,0.0,0.0,18.515311571203355,1,1,rolling_vol_60,1,2,rolling_vol_60;treasury_10y,1,1,treasury_10y
18,2024-03-15,1.1,0.5,rate_hike_2_percentage_points,22.614479101673684,22.614479101673684,0.0,0.0,20.81867636158145,1,1,rolling_vol_60,1,2,rolling_vol_60;treasury_10y,1,1,treasury_10y
19,2024-04-29,0.9,0.25,rate_hike_2_percentage_points,32.37139717652092,32.37139717652092,0.0,0.0,34.147556863089626,1,2,volume_to_ma20_ratio;treasury_10y,1,2,volume_to_ma20_ratio;treasury_10y,0,0,
20,2024-04-29,0.9,0.5,rate_hike_2_percentage_points,34.24714393253383,34.24714393253383,0.0,0.0,34.76532778137927,1,2,volume_to_ma20_ratio;treasury_10y,1,2,volume_to_ma20_ratio;treasury_10y,0,0,
21,2024-04-29,1.0,0.25,rate_hike_2_percentage_points,22.794115594418205,22.794115594418205,0.0,0.0,23.3410269574389,1,2,volume_to_ma20_ratio;treasury_10y,1,2,volume_to_ma20_ratio;treasury_10y,0,0,
22,2024-04-29,1.0,0.5,rate_hike_2_percentage_points,25.42103790829311,25.42103790829311,0.0,0.0,25.73036135301323,1,2,volume_to_ma20_ratio;treasury_10y,1,2,volume_to_ma20_ratio;treasury_10y,0,0,
23,2024-04-29,1.1,0.25,rate_hike_2_percentage_points,23.46890968432056,23.46890968432056,0.0,0.0,21.567823350227307,1,2,volume_to_ma20_ratio;treasury_10y,1,2,volume_to_ma20_ratio;treasury_10y,0,0,
24,2024-04-29,1.1,0.5,rate_hike_2_percentage_points,25.720005169193783,25.720005169193783,0.0,0.0,24.202565771664634,1,2,volume_to_ma20_ratio;treasury_10y,1,2,volume_to_ma20_ratio;treasury_10y,0,0,
25,2024-06-11,0.9,0.25,rate_hike_2_percentage_points,33.34392584381195,33.34392584381195,0.0,0.0,34.964532833486984,0,0,,1,1,treasury_10y,1,1,treasury_10y
26,2024-06-11,0.9,0.5,rate_hike_2_percentage_points,35.302170202539905,35.302170202539905,0.0,0.0,36.71427204536205,0,0,,1,1,treasury_10y,1,1,treasury_10y
27,2024-06-11,1.0,0.25,rate_hike_2_percentage_points,24.8774945479959,24.8774945479959,0.0,0.0,25.29208461485517,0,0,,1,1,treasury_10y,1,1,treasury_10y
28,2024-06-11,1.0,0.5,rate_hike_2_percentage_points,27.527625381205077,27.527625381205077,0.0,0.0,28.29256368135523,0,0,,1,1,treasury_10y,1,1,treasury_10y
29,2024-06-11,1.1,0.25,rate_hike_2_percentage_points,25.63792085265712,25.63792085265712,0.0,0.0,23.823016464488997,0,0,,1,1,treasury_10y,1,1,treasury_10y
30,2024-06-11,1.1,0.5,rate_hike_2_percentage_points,27.87324450612402,27.87324450612402,0.0,0.0,27.206341030432693,0,0,,1,1,treasury_10y,1,1,treasury_10y
31,2024-07-25,0.9,0.25,rate_hike_2_percentage_points,34.86050912913129,34.86050912913129,0.0,0.0,36.14636981595952,0,0,,1,1,treasury_10y,1,1,treasury_10y
32,2024-07-25,0.9,0.5,rate_hike_2_percentage_points,36.768360883577394,36.768360883577394,0.0,0.0,38.7590827429308,0,0,,1,1,treasury_10y,1,1,treasury_10y
33,2024-07-25,1.0,0.25,rate_hike_2_percentage_points,24.88240382537226,24.88240382537226,0.0,0.0,26.006517801784472,0,0,,1,1,treasury_10y,1,1,treasury_10y
34,2024-07-25,1.0,0.5,rate_hike_2_percentage_points,27.699703244792037,27.699703244792037,0.0,0.0,27.67715500441868,0,0,,1,1,treasury_10y,1,1,treasury_10y
35,2024-07-25,1.1,0.25,rate_hike_2_percentage_points,25.61626284889259,25.61626284889259,0.0,0.0,25.94027651581767,0,0,,1,1,treasury_10y,1,1,treasury_10y
36,2024-07-25,1.1,0.5,rate_hike_2_percentage_points,28.041540329210182,28.041540329210182,0.0,0.0,28.81161203529249,0,0,,1,1,treasury_10y,1,1,treasury_10y
37,2024-09-06,0.9,0.25,rate_hike_2_percentage_points,35.72649550174137,35.74272841089569,0.01623290915431852,0.045436612033574075,37.02632085041381,0,0,,1,1,treasury_10y,1,1,treasury_10y
38,2024-09-06,0.9,0.5,rate_hike_2_percentage_points,37.9755107299717,38.00167115511346,0.026160425141760868,0.0688876189915573,37.16954984467938,0,0,,1,1,treasury_10y,1,1,treasury_10y
39,2024-09-06,1.0,0.25,rate_hike_2_percentage_points,26.533048910445235,26.55480212674011,0.0217532162948757,0.08198536236185106,24.88048339662928,0,0,,1,1,treasury_10y,1,1,treasury_10y
40,2024-09-06,1.0,0.5,rate_hike_2_percentage_points,29.019834100474313,29.051514832756634,0.0316807322823216,0.10916923981244882,28.93558516146549,0,0,,1,1,treasury_10y,1,1,treasury_10y
41,2024-09-06,1.1,0.25,rate_hike_2_percentage_points,27.72308484593835,27.68878902074024,-0.034295825198107366,-0.12370854610406741,26.6348942040379,0,0,,1,1,treasury_10y,1,1,treasury_10y
42,2024-09-06,1.1,0.5,rate_hike_2_percentage_points,29.66369436313752,29.650267705247998,-0.013426657889521465,-0.04526293227389271,28.51128408008484,0,0,,1,1,treasury_10y,1,1,treasury_10y
43,2024-10-18,0.9,0.25,rate_hike_2_percentage_points,39.01684026660192,39.056774479957404,0.03993421335548675,0.10235122342715715,40.42220126070944,0,0,,1,1,treasury_10y,1,1,treasury_10y
44,2024-10-18,0.9,0.5,rate_hike_2_percentage_points,41.40151930914152,41.4391100378643,0.03759072872278324,0.0907955296087,43.398802875571086,0,0,,1,1,treasury_10y,1,1,treasury_10y
45,2024-10-18,1.0,0.25,rate_hike_2_percentage_points,29.337460766397157,29.37739497975264,0.039934213355483195,0.13612021051673107,31.629444328537407,0,0,,1,1,treasury_10y,1,1,treasury_10y
46,2024-10-18,1.0,0.5,rate_hike_2_percentage_points,32.794802282607684,32.83239301133047,0.03759072872278324,0.11462404438010293,34.3227367591832,0,0,,1,1,treasury_10y,1,1,treasury_10y
47,2024-10-18,1.1,0.25,rate_hike_2_percentage_points,30.336785604425152,30.376719817780636,0.039934213355483195,0.1316362711468617,30.796076205372508,0,0,,1,1,treasury_10y,1,1,treasury_10y
48,2024-10-18,1.1,0.5,rate_hike_2_percentage_points,33.272227350902625,33.30981807962541,0.03759072872278324,0.11297929749738699,33.18093362000084,0,0,,1,1,treasury_10y,1,1,treasury_10y
49,2024-12-02,0.9,0.25,rate_hike_2_percentage_points,46.72659983768525,46.748108002685676,0.021508165000426516,0.046029809733941024,50.09656717310377,0,0,,1,1,treasury_10y,1,1,treasury_10y
50,2024-12-02,0.9,0.5,rate_hike_2_percentage_points,49.95272577841707,49.97167334044991,0.018947562032842313,0.037930987223581965,50.47015660405959,0,0,,1,1,treasury_10y,1,1,treasury_10y
51,2024-12-02,1.0,0.25,rate_hike_2_percentage_points,39.039438091637244,39.06094625663767,0.021508165000426516,0.05509342872697198,40.12121098086561,0,0,,1,1,treasury_10y,1,1,treasury_10y
52,2024-12-02,1.0,0.5,rate_hike_2_percentage_points,43.324153554705774,43.343101116738616,0.018947562032842313,0.04373440789539504,44.38127412121456,0,0,,1,1,treasury_10y,1,1,treasury_10y
53,2024-12-02,1.1,0.25,rate_hike_2_percentage_points,39.46433107833979,39.485839243340216,0.021508165000426516,0.05450026495503274,37.00256397734063,0,0,,1,1,treasury_10y,1,1,treasury_10y
54,2024-12-02,1.1,0.5,rate_hike_2_percentage_points,43.3907932572452,43.40974081927804,0.018947562032842313,0.0436672404685262,44.25626274352995,0,0,,1,1,treasury_10y,1,1,treasury_10y
55,2024-12-31,0.9,0.25,rate_hike_2_percentage_points,45.32860553280205,45.32860553280205,0.0,0.0,47.66809878208257,1,3,volume_to_ma20_ratio;treasury_10y;jpm_vix_corr_20,1,3,volume_to_ma20_ratio;treasury_10y;jpm_vix_corr_20,0,0,
56,2024-12-31,0.9,0.5,rate_hike_2_percentage_points,48.23145571860428,48.23145571860428,0.0,0.0,47.42064034818043,1,3,volume_to_ma20_ratio;treasury_10y;jpm_vix_corr_20,1,3,volume_to_ma20_ratio;treasury_10y;jpm_vix_corr_20,0,0,
57,2024-12-31,1.0,0.25,rate_hike_2_percentage_points,36.31078352599571,36.31078352599571,0.0,0.0,34.90748707877388,1,3,volume_to_ma20_ratio;treasury_10y;jpm_vix_corr_20,1,3,volume_to_ma20_ratio;treasury_10y;jpm_vix_corr_20,0,0,
58,2024-12-31,1.0,0.5,rate_hike_2_percentage_points,40.382533138723595,40.382533138723595,0.0,0.0,39.41432166593654,1,3,volume_to_ma20_ratio;treasury_10y;jpm_vix_corr_20,1,3,volume_to_ma20_ratio;treasury_10y;jpm_vix_corr_20,0,0,
59,2024-12-31,1.1,0.25,rate_hike_2_percentage_points,36.69311099614625,36.69311099614625,0.0,0.0,35.89501008210244,1,3,volume_to_ma20_ratio;treasury_10y;jpm_vix_corr_20,1,3,volume_to_ma20_ratio;treasury_10y;jpm_vix_corr_20,0,0,
60,2024-12-31,1.1,0.5,rate_hike_2_percentage_points,40.4226381235041,40.4226381235041,0.0,0.0,39.58673998665575,1,3,volume_to_ma20_ratio;treasury_10y;jpm_vix_corr_20,1,3,volume_to_ma20_ratio;treasury_10y;jpm_vix_corr_20,0,0,
1,2023-12-18,0.9,0.25,combined_stress,27.381664310938113,28.811603827139248,1.4299395162011344,5.222252014936573,27.16843430255536,1,2,volume_change;rolling_vol_20,1,2,volume_change;treasury_10y,1,1,treasury_10y
2,2023-12-18,0.9,0.5,combined_stress,28.564116914845332,30.523145672143254,1.9590287572979221,6.858355758513845,28.35063487256971,1,2,volume_change;rolling_vol_20,1,2,volume_change;treasury_10y,1,1,treasury_10y
3,2023-12-18,1.0,0.25,combined_stress,18.06044875494697,21.49164385485777,3.4311950999107985,18.998393375862012,17.302395243790453,1,2,volume_change;rolling_vol_20,1,2,volume_change;treasury_10y,1,1,treasury_10y
4,2023-12-18,1.0,0.5,combined_stress,20.18583789347917,23.723543496776852,3.537705603297681,17.525681232387686,19.518035606649416,1,2,volume_change;rolling_vol_20,1,2,volume_change;treasury_10y,1,1,treasury_10y
5,2023-12-18,1.1,0.25,combined_stress,18.065465983918617,22.302011666905734,4.236545682987117,23.451073372579337,16.739587807029025,1,2,volume_change;rolling_vol_20,1,2,volume_change;treasury_10y,1,1,treasury_10y
6,2023-12-18,1.1,0.5,combined_stress,19.913885023274993,24.129051117051887,4.215166093776894,21.166970125870886,19.268979838485052,1,2,volume_change;rolling_vol_20,1,2,volume_change;treasury_10y,1,1,treasury_10y
7,2024-02-01,0.9,0.25,combined_stress,28.853714034051613,28.977333879655372,0.12361984560375916,0.42843651066157246,27.47324099187152,1,1,rolling_vol_60,1,1,treasury_10y,1,1,treasury_10y
8,2024-02-01,0.9,0.5,combined_stress,30.223084437025772,30.38647826205201,0.16339382502623678,0.5406259092009347,28.400906952650487,1,1,rolling_vol_60,1,1,treasury_10y,1,1,treasury_10y
9,2024-02-01,1.0,0.25,combined_stress,18.88361609669694,19.502961384462843,0.6193452877659027,3.2798023672713645,17.512350818597174,1,1,rolling_vol_60,1,1,treasury_10y,1,1,treasury_10y
10,2024-02-01,1.0,0.5,combined_stress,21.10786517722262,21.855985023472506,0.7481198462498853,3.544270535976216,18.746953767969146,1,1,rolling_vol_60,1,1,treasury_10y,1,1,treasury_10y
11,2024-02-01,1.1,0.25,combined_stress,18.76071902597038,19.586865225956178,0.8261461999857964,4.4035956129515395,17.11860092325262,1,1,rolling_vol_60,1,1,treasury_10y,1,1,treasury_10y
12,2024-02-01,1.1,0.5,combined_stress,20.69566679691248,21.580670633206626,0.8850038362941461,4.2762760194137694,17.244636614735068,1,1,rolling_vol_60,1,1,treasury_10y,1,1,treasury_10y
13,2024-03-15,0.9,0.25,combined_stress,31.17207149590065,31.459084706440983,0.2870132105403336,0.9207383300724107,30.38854604282989,1,1,rolling_vol_60,1,1,treasury_10y,1,1,treasury_10y
14,2024-03-15,0.9,0.5,combined_stress,32.512036734313995,32.938192975243766,0.426156240929771,1.3107645159615464,32.23894290580302,1,1,rolling_vol_60,1,1,treasury_10y,1,1,treasury_10y
15,2024-03-15,1.0,0.25,combined_stress,20.563099382264134,22.175764054844468,1.6126646725803333,7.842517524236992,18.929388066605625,1,1,rolling_vol_60,1,1,treasury_10y,1,1,treasury_10y
16,2024-03-15,1.0,0.5,combined_stress,22.9625286424626,24.588486773823846,1.6259581313612443,7.080919338972546,20.973509475836604,1,1,rolling_vol_60,1,1,treasury_10y,1,1,treasury_10y
17,2024-03-15,1.1,0.25,combined_stress,20.523887714261907,22.827445409079626,2.3035576948177194,11.223788235875961,18.515311571203355,1,1,rolling_vol_60,1,1,treasury_10y,1,1,treasury_10y
18,2024-03-15,1.1,0.5,combined_stress,22.614479101673684,24.831604918078263,2.217125816404579,9.804010105368691,20.81867636158145,1,1,rolling_vol_60,1,1,treasury_10y,1,1,treasury_10y
19,2024-04-29,0.9,0.25,combined_stress,32.37139717652092,36.275229712923334,3.903832536402412,12.059512028828566,34.147556863089626,1,2,volume_to_ma20_ratio;treasury_10y,1,2,volume_to_ma20_ratio;treasury_10y,0,0,
20,2024-04-29,0.9,0.5,combined_stress,34.24714393253383,38.54327279729868,4.296128864764846,12.544488011111618,34.76532778137927,1,2,volume_to_ma20_ratio;treasury_10y,1,2,volume_to_ma20_ratio;treasury_10y,0,0,
21,2024-04-29,1.0,0.25,combined_stress,22.794115594418205,28.937563163121848,6.1434475687036425,26.951901438141526,23.3410269574389,1,2,volume_to_ma20_ratio;treasury_10y,1,2,volume_to_ma20_ratio;treasury_10y,0,0,
22,2024-04-29,1.0,0.5,combined_stress,25.42103790829311,32.15901836835373,6.737980460060619,26.50552854831504,25.73036135301323,1,2,volume_to_ma20_ratio;treasury_10y,1,2,volume_to_ma20_ratio;treasury_10y,0,0,
23,2024-04-29,1.1,0.25,combined_stress,23.46890968432056,29.524934588923113,6.056024904602552,25.804457838314264,21.567823350227307,1,2,volume_to_ma20_ratio;treasury_10y,1,2,volume_to_ma20_ratio;treasury_10y,0,0,
24,2024-04-29,1.1,0.5,combined_stress,25.720005169193783,32.36244930761676,6.642444138422974,25.82598290601816,24.202565771664634,1,2,volume_to_ma20_ratio;treasury_10y,1,2,volume_to_ma20_ratio;treasury_10y,0,0,
25,2024-06-11,0.9,0.25,combined_stress,33.34392584381195,37.53315629110875,4.189230447296801,12.56369890852024,34.964532833486984,0,0,,1,1,treasury_10y,1,1,treasury_10y
26,2024-06-11,0.9,0.5,combined_stress,35.302170202539905,40.06490565283482,4.762735450294912,13.491338982758188,36.71427204536205,0,0,,1,1,treasury_10y,1,1,treasury_10y
27,2024-06-11,1.0,0.25,combined_stress,24.8774945479959,31.628266280311337,6.750771732315435,27.13605953883836,25.29208461485517,0,0,,1,1,treasury_10y,1,1,treasury_10y
28,2024-06-11,1.0,0.5,combined_stress,27.527625381205077,35.00543493952311,7.477809558318036,27.164746158684753,28.29256368135523,0,0,,1,1,treasury_10y,1,1,treasury_10y
29,2024-06-11,1.1,0.25,combined_stress,25.63792085265712,31.964671982096732,6.326751129439611,24.67731750089986,23.823016464488997,0,0,,1,1,treasury_10y,1,1,treasury_10y
30,2024-06-11,1.1,0.5,combined_stress,27.87324450612402,35.03584984948214,7.16260534335812,25.69706351115467,27.206341030432693,0,0,,1,1,treasury_10y,1,1,treasury_10y
31,2024-07-25,0.9,0.25,combined_stress,34.86050912913129,38.925538398488264,4.065029269356977,11.660843088375962,36.14636981595952,0,0,,1,1,treasury_10y,1,1,treasury_10y
32,2024-07-25,0.9,0.5,combined_stress,36.768360883577394,41.68733236680398,4.918971483226585,13.37827241959988,38.7590827429308,0,0,,1,1,treasury_10y,1,1,treasury_10y
33,2024-07-25,1.0,0.25,combined_stress,24.88240382537226,31.32139550562807,6.4389916802558105,25.877691421799266,26.006517801784472,0,0,,1,1,treasury_10y,1,1,treasury_10y
34,2024-07-25,1.0,0.5,combined_stress,27.699703244792037,35.05229122431725,7.3525879795252145,26.543923285198417,27.67715500441868,0,0,,1,1,treasury_10y,1,1,treasury_10y
35,2024-07-25,1.1,0.25,combined_stress,25.61626284889259,31.94070288028035,6.324440031387763,24.68915965101901,25.94027651581767,0,0,,1,1,treasury_10y,1,1,treasury_10y
36,2024-07-25,1.1,0.5,combined_stress,28.041540329210182,35.275074424113086,7.233534094902904,25.795780153231842,28.81161203529249,0,0,,1,1,treasury_10y,1,1,treasury_10y
37,2024-09-06,0.9,0.25,combined_stress,35.72649550174137,42.502435202688034,6.775939700946665,18.966147129142275,37.02632085041381,0,0,,1,1,treasury_10y,1,1,treasury_10y
38,2024-09-06,0.9,0.5,combined_stress,37.9755107299717,45.47196002371037,7.496449293738671,19.740219814403154,37.16954984467938,0,0,,1,1,treasury_10y,1,1,treasury_10y
39,2024-09-06,1.0,0.25,combined_stress,26.533048910445235,36.07833511204339,9.545286201598156,35.975082372989085,24.88048339662928,0,0,,1,1,treasury_10y,1,1,treasury_10y
40,2024-09-06,1.0,0.5,combined_stress,29.019834100474313,39.8972480946642,10.877413994189887,37.48268841417016,28.93558516146549,0,0,,1,1,treasury_10y,1,1,treasury_10y
41,2024-09-06,1.1,0.25,combined_stress,27.72308484593835,36.74320297390881,9.02011812797046,32.53648783350305,26.6348942040379,0,0,,1,1,treasury_10y,1,1,treasury_10y
42,2024-09-06,1.1,0.5,combined_stress,29.66369436313752,40.1574607972841,10.493766434146583,35.3757907079402,28.51128408008484,0,0,,1,1,treasury_10y,1,1,treasury_10y
43,2024-10-18,0.9,0.25,combined_stress,39.01684026660192,45.87443353062271,6.857593264020792,17.575983132316416,40.42220126070944,0,0,,1,1,treasury_10y,1,1,treasury_10y
44,2024-10-18,0.9,0.5,combined_stress,41.40151930914152,50.14122877175839,8.739709462616872,21.109634642531418,43.398802875571086,0,0,,1,1,treasury_10y,1,1,treasury_10y
45,2024-10-18,1.0,0.25,combined_stress,29.337460766397157,42.2534022321359,12.91594146573874,44.0254239062589,31.629444328537407,0,0,,1,1,treasury_10y,1,1,treasury_10y
46,2024-10-18,1.0,0.5,combined_stress,32.794802282607684,46.786146222445375,13.99134393983769,42.66329712637977,34.3227367591832,0,0,,1,1,treasury_10y,1,1,treasury_10y
47,2024-10-18,1.1,0.25,combined_stress,30.336785604425152,42.973707386582426,12.636921782157273,41.655440846422294,30.796076205372508,0,0,,1,1,treasury_10y,1,1,treasury_10y
48,2024-10-18,1.1,0.5,combined_stress,33.272227350902625,47.03231631300542,13.760088962102792,41.356080003250824,33.18093362000084,0,0,,1,1,treasury_10y,1,1,treasury_10y
49,2024-12-02,0.9,0.25,combined_stress,46.72659983768525,51.22835108572315,4.501751248037898,9.634236738122794,50.09656717310377,0,0,,1,1,treasury_10y,1,1,treasury_10y
50,2024-12-02,0.9,0.5,combined_stress,49.95272577841707,55.478243927246005,5.525518148828937,11.061494768752603,50.47015660405959,0,0,,1,1,treasury_10y,1,1,treasury_10y
51,2024-12-02,1.0,0.25,combined_stress,39.039438091637244,47.59097968348649,8.551541591849244,21.90487878379862,40.12121098086561,0,0,,1,1,treasury_10y,1,1,treasury_10y
52,2024-12-02,1.0,0.5,combined_stress,43.324153554705774,52.244961371792385,8.920807817086612,20.59084156329155,44.38127412121456,0,0,,1,1,treasury_10y,1,1,treasury_10y
53,2024-12-02,1.1,0.25,combined_stress,39.46433107833979,48.140480504162035,8.676149425822246,21.984787753273732,37.00256397734063,0,0,,1,1,treasury_10y,1,1,treasury_10y
54,2024-12-02,1.1,0.5,combined_stress,43.3907932572452,52.43123036856492,9.040437111319719,20.834920112483047,44.25626274352995,0,0,,1,1,treasury_10y,1,1,treasury_10y
55,2024-12-31,0.9,0.25,combined_stress,45.32860553280205,52.619609587874734,7.291004055072683,16.084774656914046,47.66809878208257,1,3,volume_to_ma20_ratio;treasury_10y;jpm_vix_corr_20,1,3,volume_to_ma20_ratio;treasury_10y;jpm_vix_corr_20,0,0,
56,2024-12-31,0.9,0.5,combined_stress,48.23145571860428,56.784174894756006,8.552719176151726,17.732658176544923,47.42064034818043,1,3,volume_to_ma20_ratio;treasury_10y;jpm_vix_corr_20,1,3,volume_to_ma20_ratio;treasury_10y;jpm_vix_corr_20,0,0,
57,2024-12-31,1.0,0.25,combined_stress,36.31078352599571,49.400415886735445,13.089632360739735,36.0488843524089,34.90748707877388,1,3,volume_to_ma20_ratio;treasury_10y;jpm_vix_corr_20,1,3,volume_to_ma20_ratio;treasury_10y;jpm_vix_corr_20,0,0,
58,2024-12-31,1.0,0.5,combined_stress,40.382533138723595,53.87224888794755,13.489715749223954,33.40482803018715,39.41432166593654,1,3,volume_to_ma20_ratio;treasury_10y;jpm_vix_corr_20,1,3,volume_to_ma20_ratio;treasury_10y;jpm_vix_corr_20,0,0,
59,2024-12-31,1.1,0.25,combined_stress,36.69311099614625,49.979659327387736,13.286548331241484,36.20992597939412,35.89501008210244,1,3,volume_to_ma20_ratio;treasury_10y;jpm_vix_corr_20,1,3,volume_to_ma20_ratio;treasury_10y;jpm_vix_corr_20,0,0,
60,2024-12-31,1.1,0.5,combined_stress,40.4226381235041,54.036984042294485,13.614345918790384,33.680003460422846,39.58673998665575,1,3,volume_to_ma20_ratio;treasury_10y;jpm_vix_corr_20,1,3,volume_to_ma20_ratio;treasury_10y;jpm_vix_corr_20,0,0,
