family,candidate_number,mae,rmse,r2,parameters
ridge,1,2.195419605464603,2.9394206680869317,0.5951391651914194,"{""alpha"": 0.01}"
ridge,2,2.206278545194015,2.9579892712714697,0.5893078294534158,"{""alpha"": 0.1}"
mlp,20,2.2564852997223537,2.9700139477728476,0.5007399003187482,"{""solver"": ""lbfgs"", ""max_iter"": 3000, ""learning_rate_init"": 0.003, ""hidden_layer_sizes"": [32], ""early_stopping"": false, ""alpha"": 0.01, ""activation"": ""relu""}"
ridge,3,2.3821836428796135,3.1658777697676346,0.5147652185625946,"{""alpha"": 1.0}"
mlp,4,2.8868861695069925,3.8514236405573143,0.38762172857371824,"{""solver"": ""lbfgs"", ""max_iter"": 3000, ""learning_rate_init"": 0.003, ""hidden_layer_sizes"": [64, 32], ""early_stopping"": false, ""alpha"": 0.1, ""activation"": ""relu""}"
gbdt,24,2.779377039945469,4.1219713867775685,0.3127206011057253,"{""subsample"": 0.8, ""n_estimators"": 350, ""min_samples_leaf"": 8, ""max_depth"": 4, ""loss"": ""huber"", ""learning_rate"": 0.02}"
gbdt,27,2.7830577659286697,4.1289775306447325,0.31017847802897613,"{""subsample"": 0.8, ""n_estimators"": 500, ""min_samples_leaf"": 8, ""max_depth"": 4, ""loss"": ""huber"", ""learning_rate"": 0.02}"
gbdt,20,2.802136196864386,4.1575794075456,0.29857527429739156,"{""subsample"": 0.8, ""n_estimators"": 200, ""min_samples_leaf"": 8, ""max_depth"": 4, ""loss"": ""huber"", ""learning_rate"": 0.07}"
ridge,4,3.1812178453368367,4.188980274235191,0.061810343741555224,"{""alpha"": 10.0}"
gbdt,30,2.9130899584610552,4.309361846974426,0.22986127029441403,"{""subsample"": 1.0, ""n_estimators"": 500, ""min_samples_leaf"": 8, ""max_depth"": 3, ""loss"": ""huber"", ""learning_rate"": 0.02}"
gbdt,1,2.9053399861197806,4.348641067642076,0.21028019058840064,"{""subsample"": 0.8, ""n_estimators"": 500, ""min_samples_leaf"": 8, ""max_depth"": 4, ""loss"": ""huber"", ""learning_rate"": 0.1}"
gbdt,39,2.9719759334300964,4.39341480734283,0.18157823009708163,"{""subsample"": 0.8, ""n_estimators"": 200, ""min_samples_leaf"": 5, ""max_depth"": 4, ""loss"": ""huber"", ""learning_rate"": 0.04}"
gbdt,15,2.905406583555129,4.426359161533317,0.20742117936645388,"{""subsample"": 0.8, ""n_estimators"": 350, ""min_samples_leaf"": 8, ""max_depth"": 2, ""loss"": ""huber"", ""learning_rate"": 0.07}"
random_forest,11,3.0167159128455046,4.429027096392295,0.1825096899218575,"{""n_estimators"": 800, ""min_samples_leaf"": 1, ""max_features"": 1.0, ""max_depth"": 6}"
gbdt,26,3.025863053935204,4.437464435090498,0.19379322420089756,"{""subsample"": 0.8, ""n_estimators"": 200, ""min_samples_leaf"": 8, ""max_depth"": 3, ""loss"": ""huber"", ""learning_rate"": 0.02}"
random_forest,1,3.015932053175817,4.440464128448307,0.18107725943608508,"{""n_estimators"": 800, ""min_samples_leaf"": 2, ""max_features"": 1.0, ""max_depth"": 8}"
random_forest,27,3.02013443723684,4.441243573258262,0.18243548749772434,"{""n_estimators"": 800, ""min_samples_leaf"": 2, ""max_features"": 1.0, ""max_depth"": 12}"
random_forest,9,3.0411918297165967,4.458503427641944,0.17098855133933707,"{""n_estimators"": 500, ""min_samples_leaf"": 3, ""max_features"": 1.0, ""max_depth"": 6}"
random_forest,10,3.0195184435347278,4.462614625911957,0.1747225556516266,"{""n_estimators"": 500, ""min_samples_leaf"": 1, ""max_features"": 1.0, ""max_depth"": 8}"
random_forest,25,3.036129437356421,4.4629799631767675,0.172453108437306,"{""n_estimators"": 500, ""min_samples_leaf"": 2, ""max_features"": 1.0, ""max_depth"": 12}"
gbdt,36,3.0126472153931747,4.468190807978195,0.21356992103873443,"{""subsample"": 0.8, ""n_estimators"": 350, ""min_samples_leaf"": 2, ""max_depth"": 1, ""loss"": ""huber"", ""learning_rate"": 0.07}"
random_forest,18,3.036130376001228,4.469254152931432,0.168036613877788,"{""n_estimators"": 500, ""min_samples_leaf"": 3, ""max_features"": 1.0, ""max_depth"": null}"
gbdt,29,3.0097589909193823,4.474387550472352,0.21089153105275257,"{""subsample"": 0.8, ""n_estimators"": 350, ""min_samples_leaf"": 3, ""max_depth"": 1, ""loss"": ""huber"", ""learning_rate"": 0.07}"
gbdt,19,3.042025240554107,4.474619618263232,0.14558908985696623,"{""subsample"": 0.8, ""n_estimators"": 700, ""min_samples_leaf"": 3, ""max_depth"": 4, ""loss"": ""huber"", ""learning_rate"": 0.02}"
gbdt,28,3.0619792606909177,4.48958793566654,0.12636542508077966,"{""subsample"": 0.8, ""n_estimators"": 350, ""min_samples_leaf"": 5, ""max_depth"": 3, ""loss"": ""huber"", ""learning_rate"": 0.02}"
gbdt,40,3.0888640288509657,4.499662148996279,0.09487894411305306,"{""subsample"": 1.0, ""n_estimators"": 350, ""min_samples_leaf"": 2, ""max_depth"": 4, ""loss"": ""huber"", ""learning_rate"": 0.1}"
gbdt,4,3.0937863817045943,4.50112096218206,0.09373602652782961,"{""subsample"": 1.0, ""n_estimators"": 200, ""min_samples_leaf"": 2, ""max_depth"": 4, ""loss"": ""huber"", ""learning_rate"": 0.1}"
gbdt,10,3.102255697582096,4.535111985911849,0.1863168125698698,"{""subsample"": 1.0, ""n_estimators"": 200, ""min_samples_leaf"": 5, ""max_depth"": 1, ""loss"": ""huber"", ""learning_rate"": 0.04}"
gbdt,16,3.102255697582096,4.535111985911849,0.1863168125698698,"{""subsample"": 1.0, ""n_estimators"": 200, ""min_samples_leaf"": 3, ""max_depth"": 1, ""loss"": ""huber"", ""learning_rate"": 0.04}"
random_forest,26,3.1918345720241015,4.5886315006547145,0.1424806914981227,"{""n_estimators"": 800, ""min_samples_leaf"": 2, ""max_features"": 1.0, ""max_depth"": 4}"
gbdt,14,3.1362122404146735,4.592981782729154,0.0336089349026632,"{""subsample"": 0.8, ""n_estimators"": 500, ""min_samples_leaf"": 3, ""max_depth"": 4, ""loss"": ""huber"", ""learning_rate"": 0.04}"
random_forest,17,3.1204425629327273,4.594845009807356,0.11583018946741844,"{""n_estimators"": 800, ""min_samples_leaf"": 5, ""max_features"": 1.0, ""max_depth"": null}"
random_forest,28,3.143302738829525,4.607641902490959,0.11448835361907944,"{""n_estimators"": 800, ""min_samples_leaf"": 2, ""max_features"": 0.7, ""max_depth"": 12}"
gbdt,23,3.1639594892423095,4.608672865188022,0.03409073362504697,"{""subsample"": 0.8, ""n_estimators"": 500, ""min_samples_leaf"": 3, ""max_depth"": 4, ""loss"": ""huber"", ""learning_rate"": 0.07}"
gbdt,11,3.0704613974221564,4.621786782978209,0.14483224181122262,"{""subsample"": 1.0, ""n_estimators"": 700, ""min_samples_leaf"": 2, ""max_depth"": 1, ""loss"": ""huber"", ""learning_rate"": 0.04}"
random_forest,14,3.1661670395572146,4.632534719975839,0.10772888592948004,"{""n_estimators"": 300, ""min_samples_leaf"": 3, ""max_features"": 0.7, ""max_depth"": null}"
gbdt,37,3.2990278153926877,4.635744129546514,0.17011083573598143,"{""subsample"": 0.8, ""n_estimators"": 200, ""min_samples_leaf"": 5, ""max_depth"": 1, ""loss"": ""huber"", ""learning_rate"": 0.02}"
random_forest,2,3.1730757575412674,4.647213722566856,0.0924480122497395,"{""n_estimators"": 800, ""min_samples_leaf"": 3, ""max_features"": 0.7, ""max_depth"": 8}"
gbdt,7,3.1879267662403676,4.652989482931138,0.12428695060013026,"{""subsample"": 1.0, ""n_estimators"": 200, ""min_samples_leaf"": 8, ""max_depth"": 1, ""loss"": ""huber"", ""learning_rate"": 0.07}"
gbdt,13,3.190330878287055,4.666769478558726,0.00653924124657182,"{""subsample"": 1.0, ""n_estimators"": 200, ""min_samples_leaf"": 5, ""max_depth"": 3, ""loss"": ""huber"", ""learning_rate"": 0.07}"
gbdt,34,3.1884482561897904,4.667106366619275,0.005334956672042951,"{""subsample"": 1.0, ""n_estimators"": 700, ""min_samples_leaf"": 5, ""max_depth"": 3, ""loss"": ""huber"", ""learning_rate"": 0.07}"
gbdt,32,3.1381440559061216,4.683818127622621,-0.0017534996592513674,"{""subsample"": 0.8, ""n_estimators"": 500, ""min_samples_leaf"": 2, ""max_depth"": 4, ""loss"": ""huber"", ""learning_rate"": 0.1}"
gbdt,6,3.216919113659102,4.69571365997108,-0.06793488150335111,"{""subsample"": 1.0, ""n_estimators"": 350, ""min_samples_leaf"": 5, ""max_depth"": 4, ""loss"": ""huber"", ""learning_rate"": 0.04}"
gbdt,12,3.217174966438783,4.705802602889237,-0.02610467539939959,"{""subsample"": 0.8, ""n_estimators"": 700, ""min_samples_leaf"": 2, ""max_depth"": 4, ""loss"": ""huber"", ""learning_rate"": 0.07}"
gbdt,9,3.1952049831154388,4.7256798918033525,0.08326671615370393,"{""subsample"": 0.8, ""n_estimators"": 500, ""min_samples_leaf"": 8, ""max_depth"": 1, ""loss"": ""huber"", ""learning_rate"": 0.04}"
gbdt,22,3.201074493500281,4.72583677305967,0.059257667845241085,"{""subsample"": 0.8, ""n_estimators"": 700, ""min_samples_leaf"": 5, ""max_depth"": 2, ""loss"": ""huber"", ""learning_rate"": 0.04}"
gbdt,2,3.1096252192801437,4.73354485892795,0.03004378145873085,"{""subsample"": 0.8, ""n_estimators"": 500, ""min_samples_leaf"": 2, ""max_depth"": 2, ""loss"": ""huber"", ""learning_rate"": 0.07}"
random_forest,5,3.227470507009891,4.773230842855812,0.04771763128048556,"{""n_estimators"": 500, ""min_samples_leaf"": 5, ""max_features"": 0.7, ""max_depth"": 8}"
random_forest,12,3.336683515198792,4.777798586054752,0.07078731832574534,"{""n_estimators"": 500, ""min_samples_leaf"": 3, ""max_features"": 0.7, ""max_depth"": 4}"
gbdt,31,3.2529052843146338,4.779683039752858,0.06695924958109972,"{""subsample"": 1.0, ""n_estimators"": 500, ""min_samples_leaf"": 5, ""max_depth"": 1, ""loss"": ""huber"", ""learning_rate"": 0.07}"
gbdt,8,3.3012718908321017,4.786713381650948,-0.13975153926098197,"{""subsample"": 1.0, ""n_estimators"": 200, ""min_samples_leaf"": 5, ""max_depth"": 4, ""loss"": ""huber"", ""learning_rate"": 0.1}"
gbdt,21,3.252215416974388,4.79335878960098,-0.094068350795604,"{""subsample"": 1.0, ""n_estimators"": 500, ""min_samples_leaf"": 5, ""max_depth"": 3, ""loss"": ""huber"", ""learning_rate"": 0.02}"
random_forest,3,3.3482258687718454,4.7958378966535555,0.05293845551551368,"{""n_estimators"": 800, ""min_samples_leaf"": 2, ""max_features"": 0.7, ""max_depth"": 4}"
gbdt,38,3.240262543789879,4.805559144756527,-0.09649145237144535,"{""subsample"": 1.0, ""n_estimators"": 700, ""min_samples_leaf"": 3, ""max_depth"": 3, ""loss"": ""huber"", ""learning_rate"": 0.07}"
gbdt,35,3.3791780653248504,4.856535367930577,0.020968065404249586,"{""subsample"": 1.0, ""n_estimators"": 200, ""min_samples_leaf"": 5, ""max_depth"": 2, ""loss"": ""huber"", ""learning_rate"": 0.02}"
gbdt,25,3.3106435080716894,4.871761953500894,-0.03669268573012846,"{""subsample"": 1.0, ""n_estimators"": 500, ""min_samples_leaf"": 8, ""max_depth"": 2, ""loss"": ""huber"", ""learning_rate"": 0.07}"
gbdt,5,3.3266656839552384,4.950217176336124,-0.1283453430436404,"{""subsample"": 1.0, ""n_estimators"": 350, ""min_samples_leaf"": 5, ""max_depth"": 2, ""loss"": ""huber"", ""learning_rate"": 0.07}"
gbdt,18,3.2966349989502186,4.976207892530028,-0.10397780746085955,"{""subsample"": 0.8, ""n_estimators"": 500, ""min_samples_leaf"": 8, ""max_depth"": 2, ""loss"": ""huber"", ""learning_rate"": 0.1}"
gbdt,17,3.2193623943316187,4.998184849639791,-0.15226971144370763,"{""subsample"": 0.8, ""n_estimators"": 350, ""min_samples_leaf"": 2, ""max_depth"": 2, ""loss"": ""huber"", ""learning_rate"": 0.1}"
mlp,1,3.758468849566647,5.003362391999944,-0.023816940995118996,"{""solver"": ""lbfgs"", ""max_iter"": 3000, ""learning_rate_init"": 0.001, ""hidden_layer_sizes"": [64, 32, 16], ""early_stopping"": false, ""alpha"": 0.1, ""activation"": ""relu""}"
gbdt,3,3.415233648210316,5.076466757833672,-0.355552790360224,"{""subsample"": 1.0, ""n_estimators"": 500, ""min_samples_leaf"": 5, ""max_depth"": 3, ""loss"": ""huber"", ""learning_rate"": 0.1}"
random_forest,16,3.6144690526018426,5.1496670329533565,-0.060972180671723775,"{""n_estimators"": 800, ""min_samples_leaf"": 2, ""max_features"": ""sqrt"", ""max_depth"": 8}"
random_forest,19,3.6384967702786204,5.153347418328886,-0.05470878277256874,"{""n_estimators"": 800, ""min_samples_leaf"": 1, ""max_features"": ""sqrt"", ""max_depth"": 6}"
gbdt,33,3.4831912317636933,5.1771405525993845,-0.17395753082015997,"{""subsample"": 1.0, ""n_estimators"": 350, ""min_samples_leaf"": 3, ""max_depth"": 1, ""loss"": ""huber"", ""learning_rate"": 0.1}"
random_forest,30,3.6303723814243334,5.184272202805361,-0.08035313252586879,"{""n_estimators"": 500, ""min_samples_leaf"": 2, ""max_features"": ""sqrt"", ""max_depth"": 8}"
random_forest,22,3.66392398330517,5.188924028068966,-0.07169812797688516,"{""n_estimators"": 500, ""min_samples_leaf"": 1, ""max_features"": ""sqrt"", ""max_depth"": 6}"
random_forest,7,3.6950419617597494,5.191815935606223,-0.08211104893323212,"{""n_estimators"": 300, ""min_samples_leaf"": 3, ""max_features"": ""sqrt"", ""max_depth"": null}"
random_forest,13,3.6877477816361925,5.200425659655076,-0.0822130529067365,"{""n_estimators"": 800, ""min_samples_leaf"": 3, ""max_features"": ""sqrt"", ""max_depth"": 8}"
random_forest,29,3.7275084024635565,5.221943805547335,-0.09059284161970443,"{""n_estimators"": 300, ""min_samples_leaf"": 2, ""max_features"": ""sqrt"", ""max_depth"": 6}"
random_forest,6,3.704706907451167,5.225456774238648,-0.09626955981785235,"{""n_estimators"": 500, ""min_samples_leaf"": 3, ""max_features"": ""sqrt"", ""max_depth"": 8}"
random_forest,20,3.7544443486579135,5.234116336552315,-0.09925972859504767,"{""n_estimators"": 800, ""min_samples_leaf"": 5, ""max_features"": ""sqrt"", ""max_depth"": null}"
random_forest,24,3.8422097866064497,5.325326996428327,-0.13971156302730664,"{""n_estimators"": 300, ""min_samples_leaf"": 5, ""max_features"": ""sqrt"", ""max_depth"": 6}"
random_forest,8,3.8633294141133163,5.35631536504163,-0.1540536668630542,"{""n_estimators"": 800, ""min_samples_leaf"": 1, ""max_features"": ""sqrt"", ""max_depth"": 4}"
random_forest,15,3.876743998512511,5.365218023277457,-0.15832092438323947,"{""n_estimators"": 300, ""min_samples_leaf"": 1, ""max_features"": ""sqrt"", ""max_depth"": 4}"
random_forest,23,3.8776084241858997,5.381027718200251,-0.1676326559594444,"{""n_estimators"": 500, ""min_samples_leaf"": 1, ""max_features"": ""sqrt"", ""max_depth"": 4}"
random_forest,21,3.9477712197902854,5.414634847206103,-0.18699812548967293,"{""n_estimators"": 800, ""min_samples_leaf"": 5, ""max_features"": ""sqrt"", ""max_depth"": 4}"
ridge,5,4.187143890935009,5.42480615517135,-0.4615963803409388,"{""alpha"": 100.0}"
random_forest,4,3.9739704567554686,5.450095812182937,-0.2064477241479247,"{""n_estimators"": 500, ""min_samples_leaf"": 5, ""max_features"": ""sqrt"", ""max_depth"": 4}"
mlp,18,10.787708630450705,13.176480388554582,-9.156275090018948,"{""solver"": ""lbfgs"", ""max_iter"": 3000, ""learning_rate_init"": 0.0003, ""hidden_layer_sizes"": [32, 16], ""early_stopping"": false, ""alpha"": 0.001, ""activation"": ""tanh""}"
mlp,15,11.978520176517678,15.731871264135584,-9.141804113373984,"{""solver"": ""lbfgs"", ""max_iter"": 3000, ""learning_rate_init"": 0.001, ""hidden_layer_sizes"": [16], ""early_stopping"": false, ""alpha"": 0.0001, ""activation"": ""relu""}"
mlp,17,12.919499383257708,18.94195789629943,-16.13057965267727,"{""solver"": ""lbfgs"", ""max_iter"": 3000, ""learning_rate_init"": 0.001, ""hidden_layer_sizes"": [64, 32, 16], ""early_stopping"": false, ""alpha"": 0.0001, ""activation"": ""relu""}"
mlp,5,17.727761698911316,21.711604381428323,-23.03628359309636,"{""solver"": ""lbfgs"", ""max_iter"": 3000, ""learning_rate_init"": 0.003, ""hidden_layer_sizes"": [64, 32], ""early_stopping"": false, ""alpha"": 0.001, ""activation"": ""tanh""}"
mlp,19,17.752874480641292,21.794593897144036,-22.41332022322984,"{""solver"": ""lbfgs"", ""max_iter"": 3000, ""learning_rate_init"": 0.003, ""hidden_layer_sizes"": [64, 32], ""early_stopping"": false, ""alpha"": 0.0001, ""activation"": ""tanh""}"
mlp,11,19.836726868265146,23.15134627450636,-26.259794674939062,"{""solver"": ""lbfgs"", ""max_iter"": 3000, ""learning_rate_init"": 0.003, ""hidden_layer_sizes"": [64, 32, 16], ""early_stopping"": false, ""alpha"": 0.0001, ""activation"": ""tanh""}"
mlp,12,18.49153567682216,23.191270232558033,-28.216416242167128,"{""solver"": ""lbfgs"", ""max_iter"": 3000, ""learning_rate_init"": 0.001, ""hidden_layer_sizes"": [32], ""early_stopping"": false, ""alpha"": 0.001, ""activation"": ""relu""}"
mlp,2,18.28185783981952,23.483641723116598,-26.624798026953254,"{""solver"": ""lbfgs"", ""max_iter"": 3000, ""learning_rate_init"": 0.0003, ""hidden_layer_sizes"": [64], ""early_stopping"": false, ""alpha"": 0.001, ""activation"": ""tanh""}"
mlp,13,24.92859263009581,30.09705543721669,-49.72911166973509,"{""solver"": ""adam"", ""max_iter"": 3000, ""learning_rate_init"": 0.001, ""hidden_layer_sizes"": [64, 32], ""early_stopping"": false, ""alpha"": 0.0001, ""activation"": ""tanh""}"
mlp,7,25.602808116253485,31.45514216341713,-55.16928755841546,"{""solver"": ""adam"", ""max_iter"": 3000, ""learning_rate_init"": 0.0003, ""hidden_layer_sizes"": [64, 32], ""early_stopping"": false, ""alpha"": 0.001, ""activation"": ""tanh""}"
mlp,16,31.532863509543745,37.43588476721241,-74.86372134184454,"{""solver"": ""adam"", ""max_iter"": 3000, ""learning_rate_init"": 0.001, ""hidden_layer_sizes"": [64, 32, 16], ""early_stopping"": false, ""alpha"": 0.0001, ""activation"": ""tanh""}"
mlp,8,28.885744415629926,38.21546950216048,-74.97879928292527,"{""solver"": ""adam"", ""max_iter"": 3000, ""learning_rate_init"": 0.0003, ""hidden_layer_sizes"": [64], ""early_stopping"": false, ""alpha"": 0.01, ""activation"": ""tanh""}"
mlp,3,30.427712924329885,42.09417467121719,-111.65880409809522,"{""solver"": ""lbfgs"", ""max_iter"": 3000, ""learning_rate_init"": 0.0003, ""hidden_layer_sizes"": [64], ""early_stopping"": false, ""alpha"": 0.0001, ""activation"": ""relu""}"
mlp,10,35.51923568828358,43.70729210959334,-86.83067930977731,"{""solver"": ""adam"", ""max_iter"": 3000, ""learning_rate_init"": 0.001, ""hidden_layer_sizes"": [16], ""early_stopping"": false, ""alpha"": 0.01, ""activation"": ""tanh""}"
mlp,14,40.28475594577928,51.442553054784966,-179.25994606030565,"{""solver"": ""adam"", ""max_iter"": 3000, ""learning_rate_init"": 0.0003, ""hidden_layer_sizes"": [32], ""early_stopping"": false, ""alpha"": 0.0001, ""activation"": ""tanh""}"
mlp,6,53.268655968162534,74.71572132168495,-236.11069353288687,"{""solver"": ""adam"", ""max_iter"": 3000, ""learning_rate_init"": 0.003, ""hidden_layer_sizes"": [16], ""early_stopping"": false, ""alpha"": 0.0001, ""activation"": ""relu""}"
mlp,9,70.61619021276427,106.33944418312755,-480.1274643087129,"{""solver"": ""adam"", ""max_iter"": 3000, ""learning_rate_init"": 0.0003, ""hidden_layer_sizes"": [16], ""early_stopping"": false, ""alpha"": 0.0001, ""activation"": ""relu""}"
