rank_rmse,mean_cv_mae,std_cv_mae,mean_cv_rmse,std_cv_rmse,mean_cv_r2,std_cv_r2,parameters
1,0.19458981139439685,0.1513238693442081,0.24435698026710667,0.15522613704835347,-23.03274624830965,44.47626934262039,"{""n_estimators"": 800, ""min_samples_leaf"": 10, ""max_features"": ""sqrt"", ""max_depth"": 8}"
2,0.2024738844560725,0.1689744459799181,0.2532463354155328,0.17201474370236627,-28.283403640667057,55.08112917190945,"{""n_estimators"": 500, ""min_samples_leaf"": 5, ""max_features"": ""sqrt"", ""max_depth"": 4}"
3,0.21143666042055348,0.1785441384028189,0.26323685921463863,0.17851677796838394,-31.771823343491604,61.688241233511214,"{""n_estimators"": 500, ""min_samples_leaf"": 5, ""max_features"": ""sqrt"", ""max_depth"": 6}"
4,0.21145472170070687,0.17405819893903124,0.2632467164373534,0.17458203610083706,-30.9308571071559,59.83876089848734,"{""n_estimators"": 300, ""min_samples_leaf"": 5, ""max_features"": ""sqrt"", ""max_depth"": null}"
5,0.21099856666559763,0.17445503030160622,0.2632851156696384,0.17483305720852152,-30.82427137884499,59.62758055429689,"{""n_estimators"": 300, ""min_samples_leaf"": 2, ""max_features"": ""sqrt"", ""max_depth"": 6}"
6,0.21561103908245335,0.1795912604646293,0.2671282918244571,0.17929729742999473,-32.70437310601858,63.324083100624485,"{""n_estimators"": 500, ""min_samples_leaf"": 5, ""max_features"": ""sqrt"", ""max_depth"": 12}"
7,0.21605142131309898,0.1810024055937883,0.26776973245390046,0.18078252129713437,-33.264123536650274,64.45087244618135,"{""n_estimators"": 300, ""min_samples_leaf"": 5, ""max_features"": ""sqrt"", ""max_depth"": 12}"
8,0.222883364944137,0.18546089543838748,0.27667449126795257,0.1828022181632558,-35.51911258700993,68.36950966032533,"{""n_estimators"": 300, ""min_samples_leaf"": 2, ""max_features"": ""sqrt"", ""max_depth"": 12}"
9,0.22554403661792918,0.1880982663008362,0.2783739554871851,0.18544998211069236,-36.30646027881123,69.96012218996528,"{""n_estimators"": 800, ""min_samples_leaf"": 2, ""max_features"": ""sqrt"", ""max_depth"": null}"
10,0.23740901498761396,0.23066449223511207,0.29365698881582974,0.22765659383182021,-50.85904591630275,99.69966765512747,"{""n_estimators"": 500, ""min_samples_leaf"": 10, ""max_features"": 0.7, ""max_depth"": 4}"
11,0.238547101672914,0.2276845489210829,0.294977061676303,0.22376983533028771,-50.094490622547184,97.92047355878789,"{""n_estimators"": 300, ""min_samples_leaf"": 10, ""max_features"": 0.7, ""max_depth"": 6}"
12,0.23931819138193097,0.22861712718938806,0.29563682215551945,0.22481116852870434,-50.556711755078915,98.83796057135436,"{""n_estimators"": 800, ""min_samples_leaf"": 10, ""max_features"": 0.7, ""max_depth"": 6}"
13,0.24186697488890346,0.22889490570432028,0.2986891952195964,0.2243381203220112,-51.19640002577389,99.83014102238137,"{""n_estimators"": 800, ""min_samples_leaf"": 10, ""max_features"": 0.7, ""max_depth"": null}"
14,0.24175478491436633,0.2287282172587156,0.29875415203187233,0.22402203387955605,-51.13039008936567,99.67845301403962,"{""n_estimators"": 800, ""min_samples_leaf"": 10, ""max_features"": 0.7, ""max_depth"": 12}"
15,0.24262943929412759,0.2293698877474272,0.2996159788658464,0.22436974895108416,-51.420350223331965,100.20039418427476,"{""n_estimators"": 300, ""min_samples_leaf"": 10, ""max_features"": 0.7, ""max_depth"": null}"
16,0.2456486900462303,0.24418583117864393,0.3072824888956187,0.23971056312360925,-57.83641160328458,113.03032595571585,"{""n_estimators"": 800, ""min_samples_leaf"": 10, ""max_features"": 1.0, ""max_depth"": 4}"
17,0.24974709176437418,0.24415370444573298,0.3106428045850277,0.23921342404732732,-58.500663758615836,114.04964728563054,"{""n_estimators"": 300, ""min_samples_leaf"": 10, ""max_features"": 1.0, ""max_depth"": 6}"
18,0.24992896586086233,0.24335355611400628,0.3107673732235191,0.23841056438703906,-58.31077899923338,113.62109129737696,"{""n_estimators"": 300, ""min_samples_leaf"": 10, ""max_features"": 1.0, ""max_depth"": 12}"
19,0.24943943770918148,0.24247314126216735,0.31079684023003373,0.23716692942193446,-58.0182925910971,112.95279890257599,"{""n_estimators"": 800, ""min_samples_leaf"": 10, ""max_features"": 1.0, ""max_depth"": 8}"
20,0.2554935172011469,0.26144327734360967,0.3131105278748927,0.2584615358545501,-64.3219638614789,126.42225067960578,"{""n_estimators"": 800, ""min_samples_leaf"": 2, ""max_features"": 0.7, ""max_depth"": 4}"
21,0.25616161654504516,0.2619291339815783,0.3138535053886787,0.2588134362380904,-64.56731427579442,126.88296912292309,"{""n_estimators"": 500, ""min_samples_leaf"": 2, ""max_features"": 0.7, ""max_depth"": 4}"
22,0.2594263978601786,0.269353378711265,0.31756400391560163,0.26591445550091236,-67.81258168697198,133.38001975752402,"{""n_estimators"": 300, ""min_samples_leaf"": 5, ""max_features"": 0.7, ""max_depth"": 4}"
23,0.26602198130477206,0.26687491910922134,0.32548226172538997,0.2608156533730082,-68.2965861836984,133.4241620211118,"{""n_estimators"": 500, ""min_samples_leaf"": 5, ""max_features"": 0.7, ""max_depth"": 8}"
24,0.2665973054366036,0.26897934224832903,0.32592544774679444,0.263116160094,-69.08877754417408,135.09150932217628,"{""n_estimators"": 500, ""min_samples_leaf"": 5, ""max_features"": 0.7, ""max_depth"": 6}"
25,0.266855722480322,0.25933605545249083,0.32678347615243214,0.252560697650547,-65.87532045127563,128.0745914111906,"{""n_estimators"": 800, ""min_samples_leaf"": 2, ""max_features"": 0.7, ""max_depth"": null}"
26,0.2660444328448255,0.27833044152813224,0.330153588553601,0.2732875453591016,-73.7018995886514,144.2830343160157,"{""n_estimators"": 500, ""min_samples_leaf"": 2, ""max_features"": 1.0, ""max_depth"": 4}"
27,0.2669092543235283,0.28013311865533885,0.3304181214315577,0.27582992364963016,-74.47055484030372,145.97716789040075,"{""n_estimators"": 300, ""min_samples_leaf"": 2, ""max_features"": 1.0, ""max_depth"": 4}"
28,0.2727906232705925,0.273467395826152,0.3372014398421136,0.26681497567559875,-73.41814939306127,142.74409991368736,"{""n_estimators"": 300, ""min_samples_leaf"": 2, ""max_features"": 1.0, ""max_depth"": 6}"
29,0.2735113587419362,0.2702972624572531,0.3383447381536004,0.2627043818381056,-72.39350286730095,140.32670431510257,"{""n_estimators"": 500, ""min_samples_leaf"": 2, ""max_features"": 1.0, ""max_depth"": 12}"
30,0.27408530237626905,0.2713999314491573,0.3390265755685543,0.26390865519820206,-72.9193334484924,141.38669497758377,"{""n_estimators"": 800, ""min_samples_leaf"": 2, ""max_features"": 1.0, ""max_depth"": null}"
